hugo_symbol	n.x	status	n.y	perc
ATP6V1B1	1	AfrAmr	1	100
DMD	1	AfrAmr	1	100
DST	1	AfrAmr	1	100
KRT85	1	AfrAmr	1	100
MTM1	1	AfrAmr	1	100
MUC6	1	AfrAmr	1	100
MYO5C	1	AfrAmr	1	100
NACC2	1	AfrAmr	1	100
PCDHGC3	1	AfrAmr	1	100
PPM1G	1	AfrAmr	1	100
RBM47	1	AfrAmr	1	100
RUFY3	1	AfrAmr	1	100
SCG2	1	AfrAmr	1	100
SKI	1	AfrAmr	1	100
THOC2	1	AfrAmr	1	100
ZCCHC6	1	AfrAmr	1	100
ZNF445	1	AfrAmr	1	100
ADAMTS4	1	AfrAmr	1	100
ATMIN	1	AfrAmr	1	100
CTDP1	1	AfrAmr	1	100
DCST2	1	AfrAmr	1	100
INS-IGF2	1	AfrAmr	1	100
NLRP11	1	AfrAmr	1	100
OR6F1	1	AfrAmr	1	100
RGS16	1	AfrAmr	1	100
SPTA1	1	AfrAmr	1	100
SRRM2	1	AfrAmr	1	100
TBCC	1	AfrAmr	1	100
TMEM108	1	AfrAmr	1	100
ANKRD36	1	AfrAmr	1	100
DDX24	1	AfrAmr	1	100
DSCAM	1	AfrAmr	1	100
KIAA0430	1	AfrAmr	1	100
KMT2D	1	AfrAmr	1	100
MUC21	1	AfrAmr	1	100
NUDT9	1	AfrAmr	1	100
SMCO2	1	AfrAmr	1	100
VWCE	1	AfrAmr	1	100
CTH	1	AfrAmr	1	100
DSG1	1	AfrAmr	1	100
HMHA1	1	AfrAmr	1	100
KIAA1211	1	AfrAmr	1	100
KRT84	1	AfrAmr	1	100
NAA40	1	AfrAmr	1	100
OASL	1	AfrAmr	1	100
OSBP2	1	AfrAmr	1	100
ZCCHC2	1	AfrAmr	1	100
ARID5B	0	AfrAmr	0	0
ASIC3	0	AfrAmr	0	0
ATP1B3	0	AfrAmr	0	0
CFAP47	0	AfrAmr	0	0
CUBN	0	AfrAmr	0	0
GPR27	0	AfrAmr	0	0
KATNB1	0	AfrAmr	0	0
KRT20	0	AfrAmr	0	0
MAPK7	0	AfrAmr	0	0
MED17	0	AfrAmr	0	0
MESDC1	0	AfrAmr	0	0
NMRK1	0	AfrAmr	0	0
NOXA1	0	AfrAmr	0	0
NTRK3	0	AfrAmr	0	0
PHRF1	0	AfrAmr	0	0
POU5F2	0	AfrAmr	0	0
PTEN	0	AfrAmr	0	0
PTPRN2	0	AfrAmr	0	0
SFI1	0	AfrAmr	0	0
THADA	0	AfrAmr	0	0
TNFSF13	0	AfrAmr	0	0
UBR4	0	AfrAmr	0	0
USP9X	0	AfrAmr	0	0
WDR62	0	AfrAmr	0	0
ZBBX	0	AfrAmr	0	0
ZNF469	0	AfrAmr	0	0
ANKRD11	0	AfrAmr	0	0
EHBP1L1	0	AfrAmr	0	0
FAM98B	0	AfrAmr	0	0
FAT1	0	AfrAmr	0	0
FSIP2	0	AfrAmr	0	0
HECW2	0	AfrAmr	0	0
IFNLR1	0	AfrAmr	0	0
ITGAM	0	AfrAmr	0	0
KCNS2	0	AfrAmr	0	0
KIAA1324	0	AfrAmr	0	0
NLRP8	0	AfrAmr	0	0
NPHS1	0	AfrAmr	0	0
PCDHB9	0	AfrAmr	0	0
PIAS2	0	AfrAmr	0	0
POLR2A	0	AfrAmr	0	0
PRDM8	0	AfrAmr	0	0
PRKCG	0	AfrAmr	0	0
RCN3	0	AfrAmr	0	0
SLC9C2	0	AfrAmr	0	0
SPAG17	0	AfrAmr	0	0
SYNE1	0	AfrAmr	0	0
TMEM184B	0	AfrAmr	0	0
TP53	0	AfrAmr	0	0
ALDH1A3	0	AfrAmr	0	0
ANXA8	0	AfrAmr	0	0
CNDP1	0	AfrAmr	0	0
FKBP9	0	AfrAmr	0	0
HAS3	0	AfrAmr	0	0
INVS	0	AfrAmr	0	0
MRGPRX3	0	AfrAmr	0	0
MYT1	0	AfrAmr	0	0
SERPINB12	0	AfrAmr	0	0
SOX13	0	AfrAmr	0	0
SRGAP2C	0	AfrAmr	0	0
UBQLN1	0	AfrAmr	0	0
ANKRD36B	0	AfrAmr	0	0
CXorf66	0	AfrAmr	0	0
DUSP21	0	AfrAmr	0	0
DYNC2H1	0	AfrAmr	0	0
KIAA1755	0	AfrAmr	0	0
MAPKAP1	0	AfrAmr	0	0
MEGF10	0	AfrAmr	0	0
MTL5	0	AfrAmr	0	0
PCDH11X	0	AfrAmr	0	0
REV1	0	AfrAmr	0	0
TSC1	0	AfrAmr	0	0
ACTL10	0	AfrAmr	0	0
APOO	0	AfrAmr	0	0
ASTN1	0	AfrAmr	0	0
BEND6	0	AfrAmr	0	0
CACNA1C	0	AfrAmr	0	0
CSF1R	0	AfrAmr	0	0
EXOC8	0	AfrAmr	0	0
FAM189B	0	AfrAmr	0	0
HSPA12B	0	AfrAmr	0	0
PPRC1	0	AfrAmr	0	0
RCVRN	0	AfrAmr	0	0
TCF4	0	AfrAmr	0	0
ANP32A	0	AfrAmr	0	0
BCLAF1	0	AfrAmr	0	0
C10orf120	0	AfrAmr	0	0
CCDC66	0	AfrAmr	0	0
CHD4	0	AfrAmr	0	0
GRID2	0	AfrAmr	0	0
LRRK1	0	AfrAmr	0	0
LSM14A	0	AfrAmr	0	0
MLXIPL	0	AfrAmr	0	0
NPTX2	0	AfrAmr	0	0
PNP	0	AfrAmr	0	0
PROP1	0	AfrAmr	0	0
SMARCA2	0	AfrAmr	0	0
TACC3	0	AfrAmr	0	0
TMEM27	0	AfrAmr	0	0
ZNF354C	0	AfrAmr	0	0
ABCF2	0	AfrAmr	0	0
AICDA	0	AfrAmr	0	0
AKAP10	0	AfrAmr	0	0
CDKN1A	0	AfrAmr	0	0
CPNE7	0	AfrAmr	0	0
DMBT1	0	AfrAmr	0	0
FGG	0	AfrAmr	0	0
GRIK1	0	AfrAmr	0	0
GRM3	0	AfrAmr	0	0
HAPLN1	0	AfrAmr	0	0
HS6ST2	0	AfrAmr	0	0
IGLON5	0	AfrAmr	0	0
LRRC38	0	AfrAmr	0	0
MAGEA10	0	AfrAmr	0	0
MARCH5	0	AfrAmr	0	0
NCOA3	0	AfrAmr	0	0
PAN3	0	AfrAmr	0	0
PCDH19	0	AfrAmr	0	0
PON3	0	AfrAmr	0	0
POTEF	0	AfrAmr	0	0
PSMC6	0	AfrAmr	0	0
PTPRZ1	0	AfrAmr	0	0
RP1L1	0	AfrAmr	0	0
SLC29A4	0	AfrAmr	0	0
SOAT2	0	AfrAmr	0	0
TMC1	0	AfrAmr	0	0
TNXB	0	AfrAmr	0	0
ZNF831	0	AfrAmr	0	0
ADCY7	0	AfrAmr	0	0
BPIFC	0	AfrAmr	0	0
FAM168B	0	AfrAmr	0	0
HDAC7	0	AfrAmr	0	0
HSPG2	0	AfrAmr	0	0
KIAA0408	0	AfrAmr	0	0
LARP7	0	AfrAmr	0	0
MICALCL	0	AfrAmr	0	0
MUC4	0	AfrAmr	0	0
PLCB1	0	AfrAmr	0	0
PNMA5	0	AfrAmr	0	0
RBBP6	0	AfrAmr	0	0
SLC9A1	0	AfrAmr	0	0
TNS2	0	AfrAmr	0	0
UROC1	0	AfrAmr	0	0
LETM1	0	AfrAmr	0	0
MAP7D1	0	AfrAmr	0	0
PRKCDBP	0	AfrAmr	0	0
RNF43	0	AfrAmr	0	0
UBA1	0	AfrAmr	0	0
ADAMTS7	0	AfrAmr	0	0
ANKS1B	0	AfrAmr	0	0
AZI2	0	AfrAmr	0	0
DOT1L	0	AfrAmr	0	0
EPHB1	0	AfrAmr	0	0
GOLGA6L6	0	AfrAmr	0	0
HOXB4	0	AfrAmr	0	0
KALRN	0	AfrAmr	0	0
TBC1D24	0	AfrAmr	0	0
TRAPPC8	0	AfrAmr	0	0
TRIM11	0	AfrAmr	0	0
AK5	0	AfrAmr	0	0
ANXA1	0	AfrAmr	0	0
CALD1	0	AfrAmr	0	0
CENPE	0	AfrAmr	0	0
COCH	0	AfrAmr	0	0
CYP2F1	0	AfrAmr	0	0
DIMT1	0	AfrAmr	0	0
DNM3	0	AfrAmr	0	0
ERG	0	AfrAmr	0	0
FAM184A	0	AfrAmr	0	0
GABRB3	0	AfrAmr	0	0
HCN4	0	AfrAmr	0	0
HDLBP	0	AfrAmr	0	0
INTS5	0	AfrAmr	0	0
KDM2A	0	AfrAmr	0	0
KIAA2018	0	AfrAmr	0	0
MPHOSPH10	0	AfrAmr	0	0
NFKBIZ	0	AfrAmr	0	0
OR9I1	0	AfrAmr	0	0
PCGF1	0	AfrAmr	0	0
PDE3A	0	AfrAmr	0	0
PLEKHB1	0	AfrAmr	0	0
RBM27	0	AfrAmr	0	0
RETSAT	0	AfrAmr	0	0
SGSM3	0	AfrAmr	0	0
TSHZ3	0	AfrAmr	0	0
ZNF260	0	AfrAmr	0	0
ZNF365	0	AfrAmr	0	0
ZNF462	0	AfrAmr	0	0
ABCA12	0	AfrAmr	0	0
CROT	0	AfrAmr	0	0
DAAM2	0	AfrAmr	0	0
DNAJB12	0	AfrAmr	0	0
DSC3	0	AfrAmr	0	0
FAT4	0	AfrAmr	0	0
FRMPD3	0	AfrAmr	0	0
GSN	0	AfrAmr	0	0
MGA	0	AfrAmr	0	0
NARS2	0	AfrAmr	0	0
NCAPH	0	AfrAmr	0	0
OR2C3	0	AfrAmr	0	0
PER3	0	AfrAmr	0	0
PRMT9	0	AfrAmr	0	0
QRICH1	0	AfrAmr	0	0
RB1CC1	0	AfrAmr	0	0
TRIM3	0	AfrAmr	0	0
USP54	0	AfrAmr	0	0
WDR70	0	AfrAmr	0	0
AFF2	0	AfrAmr	0	0
ANKRD17	0	AfrAmr	0	0
ATAD3B	0	AfrAmr	0	0
C19orf70	0	AfrAmr	0	0
CACNA1G	0	AfrAmr	0	0
CASC5	0	AfrAmr	0	0
CXCL5	0	AfrAmr	0	0
DHX36	0	AfrAmr	0	0
GOLGA6L22	0	AfrAmr	0	0
GPSM1	0	AfrAmr	0	0
IGKV3D-20	0	AfrAmr	0	0
PIKFYVE	0	AfrAmr	0	0
SPATA5L1	0	AfrAmr	0	0
TMEM150B	0	AfrAmr	0	0
VCAN	0	AfrAmr	0	0
ZBTB40	0	AfrAmr	0	0
ZNF609	0	AfrAmr	0	0
ZNF789	0	AfrAmr	0	0
AMIGO3	0	AfrAmr	0	0
ASB15	0	AfrAmr	0	0
ATAD3C	0	AfrAmr	0	0
CD276	0	AfrAmr	0	0
CMYA5	0	AfrAmr	0	0
COL22A1	0	AfrAmr	0	0
EOMES	0	AfrAmr	0	0
FAM149A	0	AfrAmr	0	0
FKBP4	0	AfrAmr	0	0
FOXD4L4	0	AfrAmr	0	0
FSTL4	0	AfrAmr	0	0
FSTL5	0	AfrAmr	0	0
FUBP3	0	AfrAmr	0	0
GDPD3	0	AfrAmr	0	0
GNA14	0	AfrAmr	0	0
HES6	0	AfrAmr	0	0
KCNF1	0	AfrAmr	0	0
KCNQ3	0	AfrAmr	0	0
KCTD8	0	AfrAmr	0	0
KIAA0753	0	AfrAmr	0	0
KRT1	0	AfrAmr	0	0
LOX	0	AfrAmr	0	0
METTL15	0	AfrAmr	0	0
NEUROG1	0	AfrAmr	0	0
NIPSNAP1	0	AfrAmr	0	0
PDZRN3	0	AfrAmr	0	0
PDZRN4	0	AfrAmr	0	0
PNPLA7	0	AfrAmr	0	0
PRSS45	0	AfrAmr	0	0
RASAL1	0	AfrAmr	0	0
RNF167	0	AfrAmr	0	0
ROBO1	0	AfrAmr	0	0
RUFY4	0	AfrAmr	0	0
SCT	0	AfrAmr	0	0
SERPINB8	0	AfrAmr	0	0
SGK494	0	AfrAmr	0	0
SHANK2	0	AfrAmr	0	0
SI	0	AfrAmr	0	0
SLC18B1	0	AfrAmr	0	0
USP14	0	AfrAmr	0	0
VAV3	0	AfrAmr	0	0
WDR72	0	AfrAmr	0	0
ZNF845	0	AfrAmr	0	0
C3orf36	0	AfrAmr	0	0
ICE1	0	AfrAmr	0	0
LMCD1	0	AfrAmr	0	0
TCP1	0	AfrAmr	0	0
AFF3	0	AfrAmr	0	0
AIFM1	0	AfrAmr	0	0
ARFGAP3	0	AfrAmr	0	0
ERBB3	0	AfrAmr	0	0
GALE	0	AfrAmr	0	0
MAMLD1	0	AfrAmr	0	0
PILRB	0	AfrAmr	0	0
PLEKHM1	0	AfrAmr	0	0
RNF115	0	AfrAmr	0	0
TSC2	0	AfrAmr	0	0
ZNF812	0	AfrAmr	0	0
ADCY4	0	AfrAmr	0	0
C17orf53	0	AfrAmr	0	0
CHIT1	0	AfrAmr	0	0
CHRDL2	0	AfrAmr	0	0
CHST3	0	AfrAmr	0	0
CTSD	0	AfrAmr	0	0
CUL7	0	AfrAmr	0	0
DROSHA	0	AfrAmr	0	0
HSPD1	0	AfrAmr	0	0
IL18RAP	0	AfrAmr	0	0
INO80	0	AfrAmr	0	0
LAMA1	0	AfrAmr	0	0
LRRC43	0	AfrAmr	0	0
MAGEB2	0	AfrAmr	0	0
MYCBP2	0	AfrAmr	0	0
NLRP6	0	AfrAmr	0	0
NYAP2	0	AfrAmr	0	0
PAX4	0	AfrAmr	0	0
RCN1	0	AfrAmr	0	0
RD3	0	AfrAmr	0	0
RNF111	0	AfrAmr	0	0
ROBO2	0	AfrAmr	0	0
SAP130	0	AfrAmr	0	0
SEZ6L	0	AfrAmr	0	0
SSPO	0	AfrAmr	0	0
TIGD5	0	AfrAmr	0	0
TRIM54	0	AfrAmr	0	0
UGT8	0	AfrAmr	0	0
ACTR8	0	AfrAmr	0	0
DCDC1	0	AfrAmr	0	0
KIAA1109	0	AfrAmr	0	0
NOSIP	0	AfrAmr	0	0
NXPE3	0	AfrAmr	0	0
OPRD1	0	AfrAmr	0	0
OR11H12	0	AfrAmr	0	0
PCDHGB5	0	AfrAmr	0	0
PDPR	0	AfrAmr	0	0
RC3H2	0	AfrAmr	0	0
SESN1	0	AfrAmr	0	0
SPATA31D1	0	AfrAmr	0	0
SYT4	0	AfrAmr	0	0
TTC19	0	AfrAmr	0	0
WDR66	0	AfrAmr	0	0
AGBL4	0	AfrAmr	0	0
ANK2	0	AfrAmr	0	0
COMMD6	0	AfrAmr	0	0
CSF2RB	0	AfrAmr	0	0
CXXC1	0	AfrAmr	0	0
DSPP	0	AfrAmr	0	0
EXOC1	0	AfrAmr	0	0
FAM26F	0	AfrAmr	0	0
GAB4	0	AfrAmr	0	0
IGFBP5	0	AfrAmr	0	0
KIDINS220	0	AfrAmr	0	0
P3H4	0	AfrAmr	0	0
PODXL	0	AfrAmr	0	0
SH3KBP1	0	AfrAmr	0	0
TAF1	0	AfrAmr	0	0
TJP2	0	AfrAmr	0	0
TLK1	0	AfrAmr	0	0
TTLL4	0	AfrAmr	0	0
VIPR2	0	AfrAmr	0	0
ATN1	0	AfrAmr	0	0
ATP10B	0	AfrAmr	0	0
CARD10	0	AfrAmr	0	0
CHRD	0	AfrAmr	0	0
COL16A1	0	AfrAmr	0	0
CPSF7	0	AfrAmr	0	0
GDPD5	0	AfrAmr	0	0
ITGB4	0	AfrAmr	0	0
KLHL33	0	AfrAmr	0	0
MAPKBP1	0	AfrAmr	0	0
OR10K1	0	AfrAmr	0	0
PPM1K	0	AfrAmr	0	0
SERPINA10	0	AfrAmr	0	0
TAL1	0	AfrAmr	0	0
TOP2B	0	AfrAmr	0	0
VAPA	0	AfrAmr	0	0
ARSK	0	AfrAmr	0	0
ATP11B	0	AfrAmr	0	0
CRHR2	0	AfrAmr	0	0
DGKQ	0	AfrAmr	0	0
DMXL2	0	AfrAmr	0	0
DNAH9	0	AfrAmr	0	0
GCC1	0	AfrAmr	0	0
HNF1A	0	AfrAmr	0	0
ITGA9	0	AfrAmr	0	0
LILRB5	0	AfrAmr	0	0
LMOD2	0	AfrAmr	0	0
NFATC1	0	AfrAmr	0	0
PMM1	0	AfrAmr	0	0
PRAMEF15	0	AfrAmr	0	0
RMDN1	0	AfrAmr	0	0
SIGLEC5	0	AfrAmr	0	0
SLC4A2	0	AfrAmr	0	0
SQRDL	0	AfrAmr	0	0
SYT9	0	AfrAmr	0	0
TTN	0	AfrAmr	0	0
VMP1	0	AfrAmr	0	0
XKR7	0	AfrAmr	0	0
ZAN	0	AfrAmr	0	0
ZNF837	0	AfrAmr	0	0
DUSP11	0	AfrAmr	0	0
EPT1	0	AfrAmr	0	0
EYA4	0	AfrAmr	0	0
FMN2	0	AfrAmr	0	0
GDF5	0	AfrAmr	0	0
KCMF1	0	AfrAmr	0	0
WNT3	0	AfrAmr	0	0
ZNF629	0	AfrAmr	0	0
EPHX1	0	AfrAmr	0	0
FAM160B2	0	AfrAmr	0	0
GALNS	0	AfrAmr	0	0
ITGAX	0	AfrAmr	0	0
MEST	0	AfrAmr	0	0
MTOR	0	AfrAmr	0	0
MUC16	0	AfrAmr	0	0
PAMR1	0	AfrAmr	0	0
SPATA20	0	AfrAmr	0	0
TKTL1	0	AfrAmr	0	0
BSN	0	AfrAmr	0	0
CACNA2D1	0	AfrAmr	0	0
CHFR	0	AfrAmr	0	0
CLCN2	0	AfrAmr	0	0
DRD3	0	AfrAmr	0	0
EBF1	0	AfrAmr	0	0
GEM	0	AfrAmr	0	0
GPBP1	0	AfrAmr	0	0
LTN1	0	AfrAmr	0	0
MAP1B	0	AfrAmr	0	0
MYO1F	0	AfrAmr	0	0
NBEAL2	0	AfrAmr	0	0
OR2T4	0	AfrAmr	0	0
PTS	0	AfrAmr	0	0
RASA1	0	AfrAmr	0	0
RFX1	0	AfrAmr	0	0
RYR1	0	AfrAmr	0	0
SACS	0	AfrAmr	0	0
SEMA6B	0	AfrAmr	0	0
SERPINB3	0	AfrAmr	0	0
SNX25	0	AfrAmr	0	0
SYT7	0	AfrAmr	0	0
TAS2R1	0	AfrAmr	0	0
TIGIT	0	AfrAmr	0	0
ADCY8	0	AfrAmr	0	0
AGAP4	0	AfrAmr	0	0
CAP1	0	AfrAmr	0	0
ESCO1	0	AfrAmr	0	0
GK2	0	AfrAmr	0	0
GRM1	0	AfrAmr	0	0
HIC2	0	AfrAmr	0	0
HIVEP1	0	AfrAmr	0	0
KDM6A	0	AfrAmr	0	0
MGAT3	0	AfrAmr	0	0
MYH7B	0	AfrAmr	0	0
OR2M2	0	AfrAmr	0	0
PCSK5	0	AfrAmr	0	0
PPAPDC3	0	AfrAmr	0	0
SLC7A1	0	AfrAmr	0	0
TCHHL1	0	AfrAmr	0	0
TP63	0	AfrAmr	0	0
USP10	0	AfrAmr	0	0
ZNF280B	0	AfrAmr	0	0
AHCYL2	0	AfrAmr	0	0
CTNNBL1	0	AfrAmr	0	0
DNAH6	0	AfrAmr	0	0
FOLR2	0	AfrAmr	0	0
LRRTM2	0	AfrAmr	0	0
MYPN	0	AfrAmr	0	0
NTSR1	0	AfrAmr	0	0
OR5F1	0	AfrAmr	0	0
POLR3C	0	AfrAmr	0	0
PTPN3	0	AfrAmr	0	0
PTPRE	0	AfrAmr	0	0
SEC24C	0	AfrAmr	0	0
SLC7A10	0	AfrAmr	0	0
SORL1	0	AfrAmr	0	0
TET1	0	AfrAmr	0	0
TMEM151B	0	AfrAmr	0	0
ZNF136	0	AfrAmr	0	0
BIRC3	0	AfrAmr	0	0
CDK13	0	AfrAmr	0	0
CNOT4	0	AfrAmr	0	0
HCFC1	0	AfrAmr	0	0
KCNH5	0	AfrAmr	0	0
MYBPHL	0	AfrAmr	0	0
MYO18B	0	AfrAmr	0	0
PACS1	0	AfrAmr	0	0
PARD3B	0	AfrAmr	0	0
SEC23IP	0	AfrAmr	0	0
SPTBN5	0	AfrAmr	0	0
TANGO6	0	AfrAmr	0	0
TMED1	0	AfrAmr	0	0
TRIM22	0	AfrAmr	0	0
ZNF799	0	AfrAmr	0	0
BACE1	0	AfrAmr	0	0
CACNA1A	0	AfrAmr	0	0
CEP19	0	AfrAmr	0	0
ELFN1	0	AfrAmr	0	0
FAM86B2	0	AfrAmr	0	0
FBXO41	0	AfrAmr	0	0
MROH2B	0	AfrAmr	0	0
NAGA	0	AfrAmr	0	0
NOTCH1	0	AfrAmr	0	0
SPEG	0	AfrAmr	0	0
SPINT2	0	AfrAmr	0	0
ARC	0	AfrAmr	0	0
ATG2A	0	AfrAmr	0	0
B3GALT5	0	AfrAmr	0	0
DNASE2B	0	AfrAmr	0	0
KBTBD6	0	AfrAmr	0	0
LRRC41	0	AfrAmr	0	0
NLRP7	0	AfrAmr	0	0
NYAP1	0	AfrAmr	0	0
OR10G4	0	AfrAmr	0	0
PRPF40A	0	AfrAmr	0	0
STX6	0	AfrAmr	0	0
WFDC5	0	AfrAmr	0	0
ZC3H12A	0	AfrAmr	0	0
ACBD3	0	AfrAmr	0	0
BHLHE40	0	AfrAmr	0	0
CEP164	0	AfrAmr	0	0
CLASP2	0	AfrAmr	0	0
CPT2	0	AfrAmr	0	0
MARCO	0	AfrAmr	0	0
MAST1	0	AfrAmr	0	0
MPHOSPH8	0	AfrAmr	0	0
NDST4	0	AfrAmr	0	0
OR10Z1	0	AfrAmr	0	0
SIGLEC14	0	AfrAmr	0	0
ZNF528	0	AfrAmr	0	0
IQUB	0	AfrAmr	0	0
UGT3A1	0	AfrAmr	0	0
UPP1	0	AfrAmr	0	0
ADCK5	0	AfrAmr	0	0
BRD1	0	AfrAmr	0	0
BRS3	0	AfrAmr	0	0
C19orf26	0	AfrAmr	0	0
CCDC62	0	AfrAmr	0	0
CLCA1	0	AfrAmr	0	0
CYP2E1	0	AfrAmr	0	0
DNAH11	0	AfrAmr	0	0
ERBB4	0	AfrAmr	0	0
FGL2	0	AfrAmr	0	0
HSP90AB1	0	AfrAmr	0	0
JMJD1C	0	AfrAmr	0	0
KIRREL	0	AfrAmr	0	0
KRR1	0	AfrAmr	0	0
LLGL2	0	AfrAmr	0	0
LRP2	0	AfrAmr	0	0
MDC1	0	AfrAmr	0	0
MON2	0	AfrAmr	0	0
NEDD4L	0	AfrAmr	0	0
OR2T12	0	AfrAmr	0	0
OR6N2	0	AfrAmr	0	0
SCFD1	0	AfrAmr	0	0
SCRIB	0	AfrAmr	0	0
SHROOM2	0	AfrAmr	0	0
TNS3	0	AfrAmr	0	0
UNC13D	0	AfrAmr	0	0
WNT2B	0	AfrAmr	0	0
AFF1	0	AfrAmr	0	0
ARFGEF1	0	AfrAmr	0	0
ARHGAP24	0	AfrAmr	0	0
CEP126	0	AfrAmr	0	0
DOCK3	0	AfrAmr	0	0
GLP1R	0	AfrAmr	0	0
RPL11	0	AfrAmr	0	0
RPTOR	0	AfrAmr	0	0
ADAMTS6	0	AfrAmr	0	0
AGGF1	0	AfrAmr	0	0
CCDC73	0	AfrAmr	0	0
CEACAM5	0	AfrAmr	0	0
DNAJB7	0	AfrAmr	0	0
DTWD2	0	AfrAmr	0	0
FLNA	0	AfrAmr	0	0
GJC1	0	AfrAmr	0	0
IGSF10	0	AfrAmr	0	0
ITGB1	0	AfrAmr	0	0
MYH9	0	AfrAmr	0	0
PCDHA11	0	AfrAmr	0	0
PNRC1	0	AfrAmr	0	0
RGAG1	0	AfrAmr	0	0
SHC1	0	AfrAmr	0	0
SLC35D1	0	AfrAmr	0	0
SLC45A3	0	AfrAmr	0	0
SPTBN4	0	AfrAmr	0	0
SVIL	0	AfrAmr	0	0
TCOF1	0	AfrAmr	0	0
TRIP11	0	AfrAmr	0	0
ABCA6	0	AfrAmr	0	0
AGBL1	0	AfrAmr	0	0
AKR1C1	0	AfrAmr	0	0
ANKRD27	0	AfrAmr	0	0
ANKRD7	0	AfrAmr	0	0
ARL4C	0	AfrAmr	0	0
C9orf72	0	AfrAmr	0	0
COL1A1	0	AfrAmr	0	0
CPLX2	0	AfrAmr	0	0
CSMD2	0	AfrAmr	0	0
CYP21A2	0	AfrAmr	0	0
CYP4F11	0	AfrAmr	0	0
DCLRE1C	0	AfrAmr	0	0
DDRGK1	0	AfrAmr	0	0
DDX50	0	AfrAmr	0	0
DSG2	0	AfrAmr	0	0
ESPL1	0	AfrAmr	0	0
F13B	0	AfrAmr	0	0
FGFBP2	0	AfrAmr	0	0
FMO3	0	AfrAmr	0	0
GPR101	0	AfrAmr	0	0
GPR161	0	AfrAmr	0	0
GRM7	0	AfrAmr	0	0
ITGA3	0	AfrAmr	0	0
KIF19	0	AfrAmr	0	0
KYNU	0	AfrAmr	0	0
LATS2	0	AfrAmr	0	0
LEF1	0	AfrAmr	0	0
MARCH1	0	AfrAmr	0	0
MBD5	0	AfrAmr	0	0
MCTP1	0	AfrAmr	0	0
MMP12	0	AfrAmr	0	0
MS4A5	0	AfrAmr	0	0
NOM1	0	AfrAmr	0	0
NRAS	0	AfrAmr	0	0
NTM	0	AfrAmr	0	0
OBSCN	0	AfrAmr	0	0
PAPPA2	0	AfrAmr	0	0
PKHD1L1	0	AfrAmr	0	0
PRDX2	0	AfrAmr	0	0
RFX6	0	AfrAmr	0	0
ROR2	0	AfrAmr	0	0
SEMA3A	0	AfrAmr	0	0
SEMA6A	0	AfrAmr	0	0
SP2	0	AfrAmr	0	0
SPEN	0	AfrAmr	0	0
SSC4D	0	AfrAmr	0	0
SYT6	0	AfrAmr	0	0
TIMM17A	0	AfrAmr	0	0
TMUB2	0	AfrAmr	0	0
TYW1B	0	AfrAmr	0	0
UNC13A	0	AfrAmr	0	0
WDR35	0	AfrAmr	0	0
XPNPEP2	0	AfrAmr	0	0
ZNF563	0	AfrAmr	0	0
ZNF667	0	AfrAmr	0	0
ABCA2	0	AfrAmr	0	0
ABCC10	0	AfrAmr	0	0
ABHD17A	0	AfrAmr	0	0
ABTB2	0	AfrAmr	0	0
ACIN1	0	AfrAmr	0	0
ACOT12	0	AfrAmr	0	0
ACSF3	0	AfrAmr	0	0
ACTBL2	0	AfrAmr	0	0
ADCK4	0	AfrAmr	0	0
ADGRD1	0	AfrAmr	0	0
ADGRL1	0	AfrAmr	0	0
ADORA2A	0	AfrAmr	0	0
AGO3	0	AfrAmr	0	0
AGRN	0	AfrAmr	0	0
AHNAK	0	AfrAmr	0	0
AHNAK2	0	AfrAmr	0	0
AIM1	0	AfrAmr	0	0
ALPK3	0	AfrAmr	0	0
AMH	0	AfrAmr	0	0
ANAPC2	0	AfrAmr	0	0
ANGPTL2	0	AfrAmr	0	0
ANKHD1-EIF4EBP3	0	AfrAmr	0	0
ANKRD52	0	AfrAmr	0	0
ANKRD6	0	AfrAmr	0	0
ANKRD66	0	AfrAmr	0	0
ANO9	0	AfrAmr	0	0
AP1M1	0	AfrAmr	0	0
AP1M2	0	AfrAmr	0	0
AP3M2	0	AfrAmr	0	0
APOBEC3G	0	AfrAmr	0	0
ARAP1	0	AfrAmr	0	0
ARFGEF3	0	AfrAmr	0	0
ARHGAP33	0	AfrAmr	0	0
ARHGAP4	0	AfrAmr	0	0
ARHGEF18	0	AfrAmr	0	0
ARHGEF2	0	AfrAmr	0	0
ARHGEF39	0	AfrAmr	0	0
ARRB1	0	AfrAmr	0	0
ASIC4	0	AfrAmr	0	0
ATG2B	0	AfrAmr	0	0
ATM	0	AfrAmr	0	0
ATP11A	0	AfrAmr	0	0
ATP11C	0	AfrAmr	0	0
ATP13A3	0	AfrAmr	0	0
ATP6V1B2	0	AfrAmr	0	0
ATP9B	0	AfrAmr	0	0
ATXN3L	0	AfrAmr	0	0
ATXN7	0	AfrAmr	0	0
AXDND1	0	AfrAmr	0	0
BACH2	0	AfrAmr	0	0
BCAS1	0	AfrAmr	0	0
BCAS3	0	AfrAmr	0	0
BCORL1	0	AfrAmr	0	0
BDKRB1	0	AfrAmr	0	0
BIN1	0	AfrAmr	0	0
BIRC6	0	AfrAmr	0	0
BMP7	0	AfrAmr	0	0
BNC2	0	AfrAmr	0	0
BOD1L1	0	AfrAmr	0	0
BRF2	0	AfrAmr	0	0
BRINP1	0	AfrAmr	0	0
BSG	0	AfrAmr	0	0
BTBD16	0	AfrAmr	0	0
C12orf60	0	AfrAmr	0	0
C17orf70	0	AfrAmr	0	0
C1orf168	0	AfrAmr	0	0
C1orf174	0	AfrAmr	0	0
C1R	0	AfrAmr	0	0
C20orf195	0	AfrAmr	0	0
C20orf196	0	AfrAmr	0	0
C22orf29	0	AfrAmr	0	0
C2orf16	0	AfrAmr	0	0
C2orf57	0	AfrAmr	0	0
C3orf20	0	AfrAmr	0	0
C6orf165	0	AfrAmr	0	0
C8orf48	0	AfrAmr	0	0
C9orf64	0	AfrAmr	0	0
CACNA1B	0	AfrAmr	0	0
CACNA1D	0	AfrAmr	0	0
CACNA1S	0	AfrAmr	0	0
CALHM1	0	AfrAmr	0	0
CAND2	0	AfrAmr	0	0
CASZ1	0	AfrAmr	0	0
CCDC112	0	AfrAmr	0	0
CCDC181	0	AfrAmr	0	0
CCDC22	0	AfrAmr	0	0
CCDC28B	0	AfrAmr	0	0
CCDC33	0	AfrAmr	0	0
CCT8L2	0	AfrAmr	0	0
CDC42BPA	0	AfrAmr	0	0
CDCA2	0	AfrAmr	0	0
CDHR3	0	AfrAmr	0	0
CDK6	0	AfrAmr	0	0
CEACAM16	0	AfrAmr	0	0
CECR2	0	AfrAmr	0	0
CELSR1	0	AfrAmr	0	0
CEMP1	0	AfrAmr	0	0
CENPM	0	AfrAmr	0	0
CEP152	0	AfrAmr	0	0
CEP250	0	AfrAmr	0	0
CGB5	0	AfrAmr	0	0
CGGBP1	0	AfrAmr	0	0
CHAF1A	0	AfrAmr	0	0
CHD3	0	AfrAmr	0	0
CHD7	0	AfrAmr	0	0
CHEK2	0	AfrAmr	0	0
CHORDC1	0	AfrAmr	0	0
CHRNA4	0	AfrAmr	0	0
CIART	0	AfrAmr	0	0
CIDEC	0	AfrAmr	0	0
CIT	0	AfrAmr	0	0
CLHC1	0	AfrAmr	0	0
CNTD2	0	AfrAmr	0	0
CNTN2	0	AfrAmr	0	0
COBLL1	0	AfrAmr	0	0
COL23A1	0	AfrAmr	0	0
COL28A1	0	AfrAmr	0	0
COL5A1	0	AfrAmr	0	0
COL7A1	0	AfrAmr	0	0
CORT	0	AfrAmr	0	0
COX15	0	AfrAmr	0	0
COX4I2	0	AfrAmr	0	0
CPSF6	0	AfrAmr	0	0
CPT1A	0	AfrAmr	0	0
CPZ	0	AfrAmr	0	0
CRYBG3	0	AfrAmr	0	0
CSGALNACT1	0	AfrAmr	0	0
CSPG4	0	AfrAmr	0	0
CST5	0	AfrAmr	0	0
CTIF	0	AfrAmr	0	0
CTNNB1	0	AfrAmr	0	0
CTTNBP2	0	AfrAmr	0	0
CUL9	0	AfrAmr	0	0
CYFIP1	0	AfrAmr	0	0
CYP27B1	0	AfrAmr	0	0
CYP2D6	0	AfrAmr	0	0
CYP4F3	0	AfrAmr	0	0
CYTH3	0	AfrAmr	0	0
DCAF12L2	0	AfrAmr	0	0
DCHS1	0	AfrAmr	0	0
DCHS2	0	AfrAmr	0	0
DCLK3	0	AfrAmr	0	0
DDB1	0	AfrAmr	0	0
DDR1	0	AfrAmr	0	0
DECR1	0	AfrAmr	0	0
DEF8	0	AfrAmr	0	0
DENND3	0	AfrAmr	0	0
DGKG	0	AfrAmr	0	0
DIS3	0	AfrAmr	0	0
DLG1	0	AfrAmr	0	0
DMTN	0	AfrAmr	0	0
DNAH1	0	AfrAmr	0	0
DNAH3	0	AfrAmr	0	0
DNAH8	0	AfrAmr	0	0
DNAJC13	0	AfrAmr	0	0
DNHD1	0	AfrAmr	0	0
DNMT1	0	AfrAmr	0	0
DOCK4	0	AfrAmr	0	0
DOCK7	0	AfrAmr	0	0
DOLPP1	0	AfrAmr	0	0
DSG4	0	AfrAmr	0	0
DSP	0	AfrAmr	0	0
DTNB	0	AfrAmr	0	0
DUSP27	0	AfrAmr	0	0
DUSP9	0	AfrAmr	0	0
DYRK2	0	AfrAmr	0	0
DYSF	0	AfrAmr	0	0
EDN3	0	AfrAmr	0	0
EFHB	0	AfrAmr	0	0
EGR4	0	AfrAmr	0	0
EHD3	0	AfrAmr	0	0
EHD4	0	AfrAmr	0	0
EIF4ENIF1	0	AfrAmr	0	0
EIF4G1	0	AfrAmr	0	0
ELAC2	0	AfrAmr	0	0
ELAVL3	0	AfrAmr	0	0
ENOX2	0	AfrAmr	0	0
ENPP2	0	AfrAmr	0	0
ENTHD2	0	AfrAmr	0	0
EP400	0	AfrAmr	0	0
EPHA10	0	AfrAmr	0	0
EPHA3	0	AfrAmr	0	0
EPPK1	0	AfrAmr	0	0
ERF	0	AfrAmr	0	0
EYA1	0	AfrAmr	0	0
FAM110A	0	AfrAmr	0	0
FAM178B	0	AfrAmr	0	0
FAM192A	0	AfrAmr	0	0
FAM198A	0	AfrAmr	0	0
FAM198B	0	AfrAmr	0	0
FAM221A	0	AfrAmr	0	0
FAM47C	0	AfrAmr	0	0
FAM50B	0	AfrAmr	0	0
FAT3	0	AfrAmr	0	0
FBN1	0	AfrAmr	0	0
FBN3	0	AfrAmr	0	0
FBXL13	0	AfrAmr	0	0
FBXO24	0	AfrAmr	0	0
FBXO3	0	AfrAmr	0	0
FCGBP	0	AfrAmr	0	0
FFAR2	0	AfrAmr	0	0
FGB	0	AfrAmr	0	0
FOXI3	0	AfrAmr	0	0
FPGS	0	AfrAmr	0	0
FRAS1	0	AfrAmr	0	0
FTMT	0	AfrAmr	0	0
FUBP1	0	AfrAmr	0	0
FUT2	0	AfrAmr	0	0
GABRD	0	AfrAmr	0	0
GABRG2	0	AfrAmr	0	0
GADL1	0	AfrAmr	0	0
GAL3ST1	0	AfrAmr	0	0
GALNT10	0	AfrAmr	0	0
GALNT7	0	AfrAmr	0	0
GARS	0	AfrAmr	0	0
GDF11	0	AfrAmr	0	0
GDI2	0	AfrAmr	0	0
GIT1	0	AfrAmr	0	0
GIT2	0	AfrAmr	0	0
GLCE	0	AfrAmr	0	0
GLT8D2	0	AfrAmr	0	0
GLYATL3	0	AfrAmr	0	0
GNAZ	0	AfrAmr	0	0
GNPTAB	0	AfrAmr	0	0
GOLGA2	0	AfrAmr	0	0
GOLGA5	0	AfrAmr	0	0
GPAA1	0	AfrAmr	0	0
GPR108	0	AfrAmr	0	0
GPR179	0	AfrAmr	0	0
GPR65	0	AfrAmr	0	0
GREB1L	0	AfrAmr	0	0
GRIN2D	0	AfrAmr	0	0
GRM8	0	AfrAmr	0	0
GTF3C4	0	AfrAmr	0	0
GTF3C5	0	AfrAmr	0	0
GUCA2B	0	AfrAmr	0	0
GYS1	0	AfrAmr	0	0
H2BFM	0	AfrAmr	0	0
HAPLN4	0	AfrAmr	0	0
HDAC9	0	AfrAmr	0	0
HECTD1	0	AfrAmr	0	0
HELZ2	0	AfrAmr	0	0
HERC2	0	AfrAmr	0	0
HGS	0	AfrAmr	0	0
HGSNAT	0	AfrAmr	0	0
HIST1H1T	0	AfrAmr	0	0
HIST1H3C	0	AfrAmr	0	0
HIVEP3	0	AfrAmr	0	0
HMGXB3	0	AfrAmr	0	0
HOOK3	0	AfrAmr	0	0
HORMAD1	0	AfrAmr	0	0
HOXC13	0	AfrAmr	0	0
HR	0	AfrAmr	0	0
HRH3	0	AfrAmr	0	0
HS3ST1	0	AfrAmr	0	0
HS6ST3	0	AfrAmr	0	0
HSPA1A	0	AfrAmr	0	0
HTR6	0	AfrAmr	0	0
HTT	0	AfrAmr	0	0
ICAM4	0	AfrAmr	0	0
IFT122	0	AfrAmr	0	0
IFT140	0	AfrAmr	0	0
IGHD	0	AfrAmr	0	0
IGHV3OR16-9	0	AfrAmr	0	0
IGLC3	0	AfrAmr	0	0
IGLL5	0	AfrAmr	0	0
IGLV3-12	0	AfrAmr	0	0
IGSF3	0	AfrAmr	0	0
IGSF5	0	AfrAmr	0	0
IGSF9	0	AfrAmr	0	0
IL2RA	0	AfrAmr	0	0
ILKAP	0	AfrAmr	0	0
INCENP	0	AfrAmr	0	0
INPP5B	0	AfrAmr	0	0
INSRR	0	AfrAmr	0	0
IRX6	0	AfrAmr	0	0
ITGA7	0	AfrAmr	0	0
ITGAE	0	AfrAmr	0	0
ITGB5	0	AfrAmr	0	0
ITPR2	0	AfrAmr	0	0
ITPRIPL2	0	AfrAmr	0	0
ITSN1	0	AfrAmr	0	0
JMJD4	0	AfrAmr	0	0
JRK	0	AfrAmr	0	0
KANK4	0	AfrAmr	0	0
KCNA1	0	AfrAmr	0	0
KCNB1	0	AfrAmr	0	0
KCNC1	0	AfrAmr	0	0
KCNG3	0	AfrAmr	0	0
KCNH2	0	AfrAmr	0	0
KCNIP1	0	AfrAmr	0	0
KCNJ1	0	AfrAmr	0	0
KCNJ5	0	AfrAmr	0	0
KCNQ2	0	AfrAmr	0	0
KDELR3	0	AfrAmr	0	0
KIF18B	0	AfrAmr	0	0
KIF4A	0	AfrAmr	0	0
KLHL42	0	AfrAmr	0	0
KMT2B	0	AfrAmr	0	0
KNDC1	0	AfrAmr	0	0
KRT15	0	AfrAmr	0	0
KRT2	0	AfrAmr	0	0
KRT6A	0	AfrAmr	0	0
KRT6C	0	AfrAmr	0	0
KRTAP9-9	0	AfrAmr	0	0
LAMA3	0	AfrAmr	0	0
LAMB4	0	AfrAmr	0	0
LAT2	0	AfrAmr	0	0
LGI3	0	AfrAmr	0	0
LINGO2	0	AfrAmr	0	0
LMTK2	0	AfrAmr	0	0
LMTK3	0	AfrAmr	0	0
LOH12CR1	0	AfrAmr	0	0
LONP1	0	AfrAmr	0	0
LOXL2	0	AfrAmr	0	0
LPCAT3	0	AfrAmr	0	0
LPIN3	0	AfrAmr	0	0
LRP4	0	AfrAmr	0	0
LRRC14	0	AfrAmr	0	0
LYPD3	0	AfrAmr	0	0
LZTS1	0	AfrAmr	0	0
MACF1	0	AfrAmr	0	0
MAGEL2	0	AfrAmr	0	0
MALL	0	AfrAmr	0	0
MAML1	0	AfrAmr	0	0
MAP1A	0	AfrAmr	0	0
MAP3K7	0	AfrAmr	0	0
MAP4K1	0	AfrAmr	0	0
MAPK15	0	AfrAmr	0	0
MAST2	0	AfrAmr	0	0
MATN2	0	AfrAmr	0	0
MCM2	0	AfrAmr	0	0
MECP2	0	AfrAmr	0	0
MEGF11	0	AfrAmr	0	0
MEGF8	0	AfrAmr	0	0
MFRP	0	AfrAmr	0	0
MFSD5	0	AfrAmr	0	0
MICAL1	0	AfrAmr	0	0
MKI67	0	AfrAmr	0	0
MKS1	0	AfrAmr	0	0
MMP9	0	AfrAmr	0	0
MORC2	0	AfrAmr	0	0
MRGBP	0	AfrAmr	0	0
MROH5	0	AfrAmr	0	0
MRPS30	0	AfrAmr	0	0
MSH6	0	AfrAmr	0	0
MSLN	0	AfrAmr	0	0
MSRB1	0	AfrAmr	0	0
MST1R	0	AfrAmr	0	0
MTUS1	0	AfrAmr	0	0
MYH13	0	AfrAmr	0	0
MYL10	0	AfrAmr	0	0
MYO15A	0	AfrAmr	0	0
MYO1H	0	AfrAmr	0	0
MYO9A	0	AfrAmr	0	0
MYOF	0	AfrAmr	0	0
MYOM2	0	AfrAmr	0	0
NBEA	0	AfrAmr	0	0
NCAPD3	0	AfrAmr	0	0
NCOA7	0	AfrAmr	0	0
NDC80	0	AfrAmr	0	0
NDE1	0	AfrAmr	0	0
NDUFAF3	0	AfrAmr	0	0
NEK10	0	AfrAmr	0	0
NEK9	0	AfrAmr	0	0
NF1	0	AfrAmr	0	0
NFIA	0	AfrAmr	0	0
NFIX	0	AfrAmr	0	0
NHSL2	0	AfrAmr	0	0
NIN	0	AfrAmr	0	0
NIPBL	0	AfrAmr	0	0
NKX2-4	0	AfrAmr	0	0
NLGN4X	0	AfrAmr	0	0
NLRP1	0	AfrAmr	0	0
NLRP10	0	AfrAmr	0	0
NLRP3	0	AfrAmr	0	0
NNT	0	AfrAmr	0	0
NOC3L	0	AfrAmr	0	0
NOP14	0	AfrAmr	0	0
NOTCH3	0	AfrAmr	0	0
NOX3	0	AfrAmr	0	0
NPAS3	0	AfrAmr	0	0
NPHP4	0	AfrAmr	0	0
NR3C1	0	AfrAmr	0	0
NR4A1	0	AfrAmr	0	0
NRG2	0	AfrAmr	0	0
NSMAF	0	AfrAmr	0	0
NT5C1A	0	AfrAmr	0	0
NT5C1B	0	AfrAmr	0	0
NTF4	0	AfrAmr	0	0
NTHL1	0	AfrAmr	0	0
NTNG2	0	AfrAmr	0	0
NUP205	0	AfrAmr	0	0
NYNRIN	0	AfrAmr	0	0
OAS1	0	AfrAmr	0	0
OBSL1	0	AfrAmr	0	0
OLFM2	0	AfrAmr	0	0
OPRK1	0	AfrAmr	0	0
OR2M3	0	AfrAmr	0	0
OR4D2	0	AfrAmr	0	0
OR4K13	0	AfrAmr	0	0
OR5AU1	0	AfrAmr	0	0
OR9A4	0	AfrAmr	0	0
OSBPL8	0	AfrAmr	0	0
OVOL2	0	AfrAmr	0	0
OXER1	0	AfrAmr	0	0
PADI4	0	AfrAmr	0	0
PALD1	0	AfrAmr	0	0
PANK1	0	AfrAmr	0	0
PARK2	0	AfrAmr	0	0
PARP14	0	AfrAmr	0	0
PBK	0	AfrAmr	0	0
PCDH1	0	AfrAmr	0	0
PCDHA8	0	AfrAmr	0	0
PCDHGA4	0	AfrAmr	0	0
PCDHGB2	0	AfrAmr	0	0
PDE4DIP	0	AfrAmr	0	0
PDE8B	0	AfrAmr	0	0
PDXP	0	AfrAmr	0	0
PER1	0	AfrAmr	0	0
PGBD2	0	AfrAmr	0	0
PHF8	0	AfrAmr	0	0
PHIP	0	AfrAmr	0	0
PID1	0	AfrAmr	0	0
PIGO	0	AfrAmr	0	0
PIH1D2	0	AfrAmr	0	0
PIK3R1	0	AfrAmr	0	0
PIP5KL1	0	AfrAmr	0	0
PITPNM1	0	AfrAmr	0	0
PIWIL4	0	AfrAmr	0	0
PJA2	0	AfrAmr	0	0
PLA2G4B	0	AfrAmr	0	0
PLA2G6	0	AfrAmr	0	0
PLBD2	0	AfrAmr	0	0
PLEKHM2	0	AfrAmr	0	0
PLEKHO2	0	AfrAmr	0	0
PLIN4	0	AfrAmr	0	0
PLXNA1	0	AfrAmr	0	0
PLXNB1	0	AfrAmr	0	0
PLXNB2	0	AfrAmr	0	0
PLXNB3	0	AfrAmr	0	0
PMEPA1	0	AfrAmr	0	0
PML	0	AfrAmr	0	0
PNPLA6	0	AfrAmr	0	0
POGZ	0	AfrAmr	0	0
POLE	0	AfrAmr	0	0
POLR1A	0	AfrAmr	0	0
POR	0	AfrAmr	0	0
POU2F2	0	AfrAmr	0	0
PPL	0	AfrAmr	0	0
PPM1B	0	AfrAmr	0	0
PPP1R16B	0	AfrAmr	0	0
PPP4R2	0	AfrAmr	0	0
PRAMEF8	0	AfrAmr	0	0
PRDM1	0	AfrAmr	0	0
PRDM2	0	AfrAmr	0	0
PRKAG1	0	AfrAmr	0	0
PRKCB	0	AfrAmr	0	0
PRNP	0	AfrAmr	0	0
PROSER3	0	AfrAmr	0	0
PRPF40B	0	AfrAmr	0	0
PRRC2B	0	AfrAmr	0	0
PRSS58	0	AfrAmr	0	0
PSME2	0	AfrAmr	0	0
PTGER4	0	AfrAmr	0	0
PTPN21	0	AfrAmr	0	0
PTPRD	0	AfrAmr	0	0
QSOX1	0	AfrAmr	0	0
QTRT1	0	AfrAmr	0	0
R3HDM2	0	AfrAmr	0	0
RAB6B	0	AfrAmr	0	0
RABEPK	0	AfrAmr	0	0
RAI14	0	AfrAmr	0	0
RAPGEFL1	0	AfrAmr	0	0
RARA	0	AfrAmr	0	0
RASA3	0	AfrAmr	0	0
RASGEF1B	0	AfrAmr	0	0
RASGRP4	0	AfrAmr	0	0
RASSF4	0	AfrAmr	0	0
RB1	0	AfrAmr	0	0
RBCK1	0	AfrAmr	0	0
RBFOX2	0	AfrAmr	0	0
RBM25	0	AfrAmr	0	0
RBM42	0	AfrAmr	0	0
RECQL5	0	AfrAmr	0	0
RFPL2	0	AfrAmr	0	0
RGS3	0	AfrAmr	0	0
RGSL1	0	AfrAmr	0	0
RHBDL1	0	AfrAmr	0	0
RIMKLB	0	AfrAmr	0	0
RND1	0	AfrAmr	0	0
RNF10	0	AfrAmr	0	0
RNF157	0	AfrAmr	0	0
RNF208	0	AfrAmr	0	0
RNF213	0	AfrAmr	0	0
RNF40	0	AfrAmr	0	0
ROPN1	0	AfrAmr	0	0
RPAP1	0	AfrAmr	0	0
RPL8	0	AfrAmr	0	0
RPRD2	0	AfrAmr	0	0
RPS6KA5	0	AfrAmr	0	0
RREB1	0	AfrAmr	0	0
RTL1	0	AfrAmr	0	0
RTN4	0	AfrAmr	0	0
S100A4	0	AfrAmr	0	0
SART1	0	AfrAmr	0	0
SBF2	0	AfrAmr	0	0
SCD5	0	AfrAmr	0	0
SCNN1A	0	AfrAmr	0	0
SECISBP2L	0	AfrAmr	0	0
SELENBP1	0	AfrAmr	0	0
SEMA4G	0	AfrAmr	0	0
SEPT4	0	AfrAmr	0	0
SEPT5	0	AfrAmr	0	0
SERINC2	0	AfrAmr	0	0
SGTA	0	AfrAmr	0	0
SH2D2A	0	AfrAmr	0	0
SHC3	0	AfrAmr	0	0
SHROOM3	0	AfrAmr	0	0
SIGLEC7	0	AfrAmr	0	0
SIL1	0	AfrAmr	0	0
SIN3B	0	AfrAmr	0	0
SLC12A9	0	AfrAmr	0	0
SLC16A13	0	AfrAmr	0	0
SLC1A6	0	AfrAmr	0	0
SLC1A7	0	AfrAmr	0	0
SLC20A2	0	AfrAmr	0	0
SLC22A13	0	AfrAmr	0	0
SLC25A6	0	AfrAmr	0	0
SLC26A1	0	AfrAmr	0	0
SLC2A3	0	AfrAmr	0	0
SLC2A8	0	AfrAmr	0	0
SLC32A1	0	AfrAmr	0	0
SLC38A10	0	AfrAmr	0	0
SLC5A10	0	AfrAmr	0	0
SLC6A11	0	AfrAmr	0	0
SLC6A17	0	AfrAmr	0	0
SLC6A2	0	AfrAmr	0	0
SLC7A8	0	AfrAmr	0	0
SLIT2	0	AfrAmr	0	0
SLIT3	0	AfrAmr	0	0
SMARCB1	0	AfrAmr	0	0
SMTNL2	0	AfrAmr	0	0
SNRPB	0	AfrAmr	0	0
SNX14	0	AfrAmr	0	0
SNX33	0	AfrAmr	0	0
SOGA1	0	AfrAmr	0	0
SPATA2	0	AfrAmr	0	0
SPATC1	0	AfrAmr	0	0
SPATS1	0	AfrAmr	0	0
SPERT	0	AfrAmr	0	0
SPTAN1	0	AfrAmr	0	0
SPTY2D1	0	AfrAmr	0	0
SRCAP	0	AfrAmr	0	0
SRPR	0	AfrAmr	0	0
SRRT	0	AfrAmr	0	0
SSC5D	0	AfrAmr	0	0
ST3GAL3	0	AfrAmr	0	0
STAB1	0	AfrAmr	0	0
STEAP2	0	AfrAmr	0	0
STT3B	0	AfrAmr	0	0
STXBP5	0	AfrAmr	0	0
SULT1A2	0	AfrAmr	0	0
SUPT16H	0	AfrAmr	0	0
SUV420H1	0	AfrAmr	0	0
SVOP	0	AfrAmr	0	0
SYBU	0	AfrAmr	0	0
SYNPO2	0	AfrAmr	0	0
SYT16	0	AfrAmr	0	0
SYT17	0	AfrAmr	0	0
TAF10	0	AfrAmr	0	0
TAOK3	0	AfrAmr	0	0
TARBP2	0	AfrAmr	0	0
TBC1D20	0	AfrAmr	0	0
TBC1D22A	0	AfrAmr	0	0
TBC1D7	0	AfrAmr	0	0
TBL3	0	AfrAmr	0	0
TBX19	0	AfrAmr	0	0
TBX6	0	AfrAmr	0	0
TCEB3B	0	AfrAmr	0	0
TCF20	0	AfrAmr	0	0
TCF7L1	0	AfrAmr	0	0
TDRD9	0	AfrAmr	0	0
TEP1	0	AfrAmr	0	0
TET3	0	AfrAmr	0	0
TEX10	0	AfrAmr	0	0
TEX13A	0	AfrAmr	0	0
TEX2	0	AfrAmr	0	0
TG	0	AfrAmr	0	0
TGM7	0	AfrAmr	0	0
TIAM2	0	AfrAmr	0	0
TINAG	0	AfrAmr	0	0
TINF2	0	AfrAmr	0	0
TJP1	0	AfrAmr	0	0
TMC3	0	AfrAmr	0	0
TMCO4	0	AfrAmr	0	0
TMEM176B	0	AfrAmr	0	0
TMEM177	0	AfrAmr	0	0
TMEM189	0	AfrAmr	0	0
TMEM205	0	AfrAmr	0	0
TMPRSS12	0	AfrAmr	0	0
TNC	0	AfrAmr	0	0
TNPO2	0	AfrAmr	0	0
TNRC6C	0	AfrAmr	0	0
TOMM40	0	AfrAmr	0	0
TP73	0	AfrAmr	0	0
TPR	0	AfrAmr	0	0
TRAF7	0	AfrAmr	0	0
TRIM25	0	AfrAmr	0	0
TRIM58	0	AfrAmr	0	0
TRIOBP	0	AfrAmr	0	0
TRPS1	0	AfrAmr	0	0
TRRAP	0	AfrAmr	0	0
TSEN34	0	AfrAmr	0	0
TSGA10IP	0	AfrAmr	0	0
TSKU	0	AfrAmr	0	0
TSPAN14	0	AfrAmr	0	0
TSPO	0	AfrAmr	0	0
TTC12	0	AfrAmr	0	0
TUBGCP6	0	AfrAmr	0	0
UBAP1L	0	AfrAmr	0	0
UBD	0	AfrAmr	0	0
UBN2	0	AfrAmr	0	0
UBR2	0	AfrAmr	0	0
UCKL1	0	AfrAmr	0	0
UCP1	0	AfrAmr	0	0
UCP2	0	AfrAmr	0	0
UMOD	0	AfrAmr	0	0
UNC80	0	AfrAmr	0	0
UQCRC2	0	AfrAmr	0	0
URGCP	0	AfrAmr	0	0
UVSSA	0	AfrAmr	0	0
VCAM1	0	AfrAmr	0	0
VDR	0	AfrAmr	0	0
VEZT	0	AfrAmr	0	0
VPS37C	0	AfrAmr	0	0
WASL	0	AfrAmr	0	0
WDR37	0	AfrAmr	0	0
WDR7	0	AfrAmr	0	0
WDR74	0	AfrAmr	0	0
WDR88	0	AfrAmr	0	0
WFDC1	0	AfrAmr	0	0
WNT2	0	AfrAmr	0	0
WTIP	0	AfrAmr	0	0
XIRP2	0	AfrAmr	0	0
XRCC4	0	AfrAmr	0	0
YLPM1	0	AfrAmr	0	0
YTHDC2	0	AfrAmr	0	0
YY1AP1	0	AfrAmr	0	0
ZBP1	0	AfrAmr	0	0
ZBTB48	0	AfrAmr	0	0
ZBTB49	0	AfrAmr	0	0
ZDHHC13	0	AfrAmr	0	0
ZDHHC17	0	AfrAmr	0	0
ZFAT	0	AfrAmr	0	0
ZFHX4	0	AfrAmr	0	0
ZFP36	0	AfrAmr	0	0
ZFYVE1	0	AfrAmr	0	0
ZFYVE19	0	AfrAmr	0	0
ZHX2	0	AfrAmr	0	0
ZNF133	0	AfrAmr	0	0
ZNF234	0	AfrAmr	0	0
ZNF263	0	AfrAmr	0	0
ZNF3	0	AfrAmr	0	0
ZNF318	0	AfrAmr	0	0
ZNF343	0	AfrAmr	0	0
ZNF423	0	AfrAmr	0	0
ZNF441	0	AfrAmr	0	0
ZNF473	0	AfrAmr	0	0
ZNF526	0	AfrAmr	0	0
ZNF569	0	AfrAmr	0	0
ZNF618	0	AfrAmr	0	0
ZNF621	0	AfrAmr	0	0
ZNF628	0	AfrAmr	0	0
ZNF646	0	AfrAmr	0	0
ZNF773	0	AfrAmr	0	0
ZNF805	0	AfrAmr	0	0
ZNF839	0	AfrAmr	0	0
ZNF878	0	AfrAmr	0	0
ZNF879	0	AfrAmr	0	0
ZSWIM4	0	AfrAmr	0	0
ATP6V0A4	0	AfrAmr	0	0
CCDC168	0	AfrAmr	0	0
HDAC11	0	AfrAmr	0	0
LGI2	0	AfrAmr	0	0
LRRIQ4	0	AfrAmr	0	0
RASGRF1	0	AfrAmr	0	0
RGPD8	0	AfrAmr	0	0
RPH3A	0	AfrAmr	0	0
SF1	0	AfrAmr	0	0
AARD	0	AfrAmr	0	0
ADAMTS8	0	AfrAmr	0	0
AJAP1	0	AfrAmr	0	0
CELSR2	0	AfrAmr	0	0
CLTCL1	0	AfrAmr	0	0
COL20A1	0	AfrAmr	0	0
FAM71E2	0	AfrAmr	0	0
FANCD2	0	AfrAmr	0	0
GAD1	0	AfrAmr	0	0
GPR148	0	AfrAmr	0	0
KREMEN1	0	AfrAmr	0	0
MYO7A	0	AfrAmr	0	0
PPAP2C	0	AfrAmr	0	0
SIPA1	0	AfrAmr	0	0
SLC26A7	0	AfrAmr	0	0
STAG1	0	AfrAmr	0	0
WEE1	0	AfrAmr	0	0
ZFP30	0	AfrAmr	0	0
ZFR	0	AfrAmr	0	0
ZNF319	0	AfrAmr	0	0
ABHD14A	0	AfrAmr	0	0
ADGRB1	0	AfrAmr	0	0
ALPPL2	0	AfrAmr	0	0
CWF19L2	0	AfrAmr	0	0
ESR2	0	AfrAmr	0	0
FANCA	0	AfrAmr	0	0
FLAD1	0	AfrAmr	0	0
GTF2IRD2B	0	AfrAmr	0	0
HNRNPLL	0	AfrAmr	0	0
IGSF21	0	AfrAmr	0	0
KCNN4	0	AfrAmr	0	0
KIR2DL1	0	AfrAmr	0	0
KRTAP10-12	0	AfrAmr	0	0
KRTAP10-4	0	AfrAmr	0	0
LEPR	0	AfrAmr	0	0
MAGED2	0	AfrAmr	0	0
MTCH1	0	AfrAmr	0	0
MTTP	0	AfrAmr	0	0
N4BP2L2	0	AfrAmr	0	0
OR52N1	0	AfrAmr	0	0
RAD23B	0	AfrAmr	0	0
SCN4A	0	AfrAmr	0	0
SLC25A36	0	AfrAmr	0	0
SRSF7	0	AfrAmr	0	0
SULF2	0	AfrAmr	0	0
WNT1	0	AfrAmr	0	0
ZNF142	0	AfrAmr	0	0
ZNF592	0	AfrAmr	0	0
C5	0	AfrAmr	0	0
GLUD2	0	AfrAmr	0	0
HCN1	0	AfrAmr	0	0
IGHD5-12	0	AfrAmr	0	0
RNASEH2A	0	AfrAmr	0	0
RUNX2	0	AfrAmr	0	0
SLA2	0	AfrAmr	0	0
SLK	0	AfrAmr	0	0
WWP1	0	AfrAmr	0	0
ZZEF1	0	AfrAmr	0	0
ABCG4	0	AfrAmr	0	0
ADORA3	0	AfrAmr	0	0
ARMC5	0	AfrAmr	0	0
AUTS2	0	AfrAmr	0	0
C9orf131	0	AfrAmr	0	0
CC2D1A	0	AfrAmr	0	0
CDC42BPG	0	AfrAmr	0	0
FOXI1	0	AfrAmr	0	0
IGSF1	0	AfrAmr	0	0
LPIN2	0	AfrAmr	0	0
NBPF12	0	AfrAmr	0	0
PCLO	0	AfrAmr	0	0
SENP5	0	AfrAmr	0	0
SLC26A6	0	AfrAmr	0	0
TBC1D13	0	AfrAmr	0	0
TBC1D25	0	AfrAmr	0	0
TBC1D5	0	AfrAmr	0	0
XYLT1	0	AfrAmr	0	0
ABHD10	0	AfrAmr	0	0
CD109	0	AfrAmr	0	0
COL2A1	0	AfrAmr	0	0
COL3A1	0	AfrAmr	0	0
CPAMD8	0	AfrAmr	0	0
EIF5	0	AfrAmr	0	0
FCRLA	0	AfrAmr	0	0
HOXA9	0	AfrAmr	0	0
JAKMIP3	0	AfrAmr	0	0
NAT8L	0	AfrAmr	0	0
NECAB3	0	AfrAmr	0	0
OR6A2	0	AfrAmr	0	0
PCNA	0	AfrAmr	0	0
PCNXL4	0	AfrAmr	0	0
RBM15	0	AfrAmr	0	0
RELB	0	AfrAmr	0	0
SMARCA5	0	AfrAmr	0	0
TMIGD1	0	AfrAmr	0	0
WNK2	0	AfrAmr	0	0
ABCE1	0	AfrAmr	0	0
ATP6AP1	0	AfrAmr	0	0
CELSR3	0	AfrAmr	0	0
DENND5B	0	AfrAmr	0	0
FNIP1	0	AfrAmr	0	0
GRIN3A	0	AfrAmr	0	0
HNRNPF	0	AfrAmr	0	0
HSD11B2	0	AfrAmr	0	0
KCNT1	0	AfrAmr	0	0
KIAA1551	0	AfrAmr	0	0
OTOGL	0	AfrAmr	0	0
RBMX2	0	AfrAmr	0	0
SLC1A3	0	AfrAmr	0	0
SLC6A19	0	AfrAmr	0	0
SMCHD1	0	AfrAmr	0	0
C5orf42	0	AfrAmr	0	0
DDIT4	0	AfrAmr	0	0
ZNF668	0	AfrAmr	0	0
ATG7	0	AfrAmr	0	0
DSCAML1	0	AfrAmr	0	0
GPATCH4	0	AfrAmr	0	0
ISCA1	0	AfrAmr	0	0
SCN1A	0	AfrAmr	0	0
SIRT3	0	AfrAmr	0	0
SIX4	0	AfrAmr	0	0
YDJC	0	AfrAmr	0	0
ZNF419	0	AfrAmr	0	0
ZNF497	0	AfrAmr	0	0
ZNF846	0	AfrAmr	0	0
AADACL3	0	AfrAmr	0	0
ACSM2A	0	AfrAmr	0	0
ADCY9	0	AfrAmr	0	0
C11orf80	0	AfrAmr	0	0
CCSER1	0	AfrAmr	0	0
COL6A5	0	AfrAmr	0	0
CSMD1	0	AfrAmr	0	0
CTAGE8	0	AfrAmr	0	0
CTCFL	0	AfrAmr	0	0
DFFA	0	AfrAmr	0	0
FAM162A	0	AfrAmr	0	0
FAM83C	0	AfrAmr	0	0
GLDC	0	AfrAmr	0	0
GLRA1	0	AfrAmr	0	0
HUWE1	0	AfrAmr	0	0
ITGA11	0	AfrAmr	0	0
IZUMO2	0	AfrAmr	0	0
KLB	0	AfrAmr	0	0
KLHDC2	0	AfrAmr	0	0
KRT3	0	AfrAmr	0	0
LRPPRC	0	AfrAmr	0	0
LRRC25	0	AfrAmr	0	0
MLYCD	0	AfrAmr	0	0
NAB2	0	AfrAmr	0	0
OR51M1	0	AfrAmr	0	0
OR56A1	0	AfrAmr	0	0
PCDHA7	0	AfrAmr	0	0
PPP1CC	0	AfrAmr	0	0
RPL18A	0	AfrAmr	0	0
SCNN1D	0	AfrAmr	0	0
SDK2	0	AfrAmr	0	0
SLC15A2	0	AfrAmr	0	0
SYNGAP1	0	AfrAmr	0	0
TMEM175	0	AfrAmr	0	0
UBE3C	0	AfrAmr	0	0
UQCRFS1	0	AfrAmr	0	0
WWTR1	0	AfrAmr	0	0
ZBED9	0	AfrAmr	0	0
ZNF232	0	AfrAmr	0	0
CCR2	0	AfrAmr	0	0
ENO1	0	AfrAmr	0	0
FAM131C	0	AfrAmr	0	0
SPATA31E1	0	AfrAmr	0	0
ZNF106	0	AfrAmr	0	0
ZNF793	0	AfrAmr	0	0
CARD9	0	AfrAmr	0	0
KLC2	0	AfrAmr	0	0
PCDHA9	0	AfrAmr	0	0
PDCD2L	0	AfrAmr	0	0
PPP1R2	0	AfrAmr	0	0
CCNL1	0	AfrAmr	0	0
COL5A3	0	AfrAmr	0	0
MYRIP	0	AfrAmr	0	0
NCAPG2	0	AfrAmr	0	0
QSER1	0	AfrAmr	0	0
RBX1	0	AfrAmr	0	0
SPG11	0	AfrAmr	0	0
TAS1R3	0	AfrAmr	0	0
TMEM31	0	AfrAmr	0	0
VILL	0	AfrAmr	0	0
ARSI	0	AfrAmr	0	0
ATP7A	0	AfrAmr	0	0
ATRX	0	AfrAmr	0	0
BMP1	0	AfrAmr	0	0
BPIFB3	0	AfrAmr	0	0
C10orf12	0	AfrAmr	0	0
C14orf166	0	AfrAmr	0	0
C3orf58	0	AfrAmr	0	0
CBLB	0	AfrAmr	0	0
CD5	0	AfrAmr	0	0
COL14A1	0	AfrAmr	0	0
DCAF10	0	AfrAmr	0	0
DDI1	0	AfrAmr	0	0
DIDO1	0	AfrAmr	0	0
E2F7	0	AfrAmr	0	0
FAM179B	0	AfrAmr	0	0
HIRA	0	AfrAmr	0	0
KRT32	0	AfrAmr	0	0
MOCS1	0	AfrAmr	0	0
MYLK2	0	AfrAmr	0	0
PCOLCE	0	AfrAmr	0	0
PPP6R2	0	AfrAmr	0	0
PRDM16	0	AfrAmr	0	0
PROX1	0	AfrAmr	0	0
RIPK2	0	AfrAmr	0	0
RTN2	0	AfrAmr	0	0
SERTM1	0	AfrAmr	0	0
SLC35B4	0	AfrAmr	0	0
SMPD1	0	AfrAmr	0	0
SPZ1	0	AfrAmr	0	0
TNRC18	0	AfrAmr	0	0
TTC7B	0	AfrAmr	0	0
YAP1	0	AfrAmr	0	0
ACTN4	0	AfrAmr	0	0
CAP2	0	AfrAmr	0	0
EARS2	0	AfrAmr	0	0
GABRB2	0	AfrAmr	0	0
GPR158	0	AfrAmr	0	0
GTF3C2	0	AfrAmr	0	0
MYF6	0	AfrAmr	0	0
OR2W1	0	AfrAmr	0	0
PDHA2	0	AfrAmr	0	0
PPP1R13B	0	AfrAmr	0	0
TMEM120A	0	AfrAmr	0	0
TSC22D2	0	AfrAmr	0	0
ADHFE1	0	AfrAmr	0	0
ITGA2	0	AfrAmr	0	0
KIAA1407	0	AfrAmr	0	0
LMBRD2	0	AfrAmr	0	0
LZTS2	0	AfrAmr	0	0
MCF2L	0	AfrAmr	0	0
PASK	0	AfrAmr	0	0
RHOT2	0	AfrAmr	0	0
RP11-545J16.1	0	AfrAmr	0	0
SLC4A10	0	AfrAmr	0	0
ACVR2A	0	AfrAmr	0	0
ADAMTS1	0	AfrAmr	0	0
BPTF	0	AfrAmr	0	0
CLEC9A	0	AfrAmr	0	0
CTDSPL	0	AfrAmr	0	0
EPS8	0	AfrAmr	0	0
EXOC5	0	AfrAmr	0	0
FAM179A	0	AfrAmr	0	0
MARCH9	0	AfrAmr	0	0
ONECUT2	0	AfrAmr	0	0
SLIT1	0	AfrAmr	0	0
ZNF836	0	AfrAmr	0	0
COL8A1	0	AfrAmr	0	0
MAP9	0	AfrAmr	0	0
OR51T1	0	AfrAmr	0	0
SMG1	0	AfrAmr	0	0
ZNF521	0	AfrAmr	0	0
ZNF808	0	AfrAmr	0	0
APMAP	0	AfrAmr	0	0
FBXL5	0	AfrAmr	0	0
FEZ1	0	AfrAmr	0	0
GGCT	0	AfrAmr	0	0
GPR35	0	AfrAmr	0	0
GRWD1	0	AfrAmr	0	0
HRH1	0	AfrAmr	0	0
OR10H2	0	AfrAmr	0	0
PCDH15	0	AfrAmr	0	0
PDGFD	0	AfrAmr	0	0
PEG3	0	AfrAmr	0	0
RCOR2	0	AfrAmr	0	0
RHOXF2B	0	AfrAmr	0	0
SETD1A	0	AfrAmr	0	0
SYNDIG1	0	AfrAmr	0	0
ADGRA2	0	AfrAmr	0	0
ADGRV1	0	AfrAmr	0	0
ARSD	0	AfrAmr	0	0
BRINP3	0	AfrAmr	0	0
CPPED1	0	AfrAmr	0	0
DGKA	0	AfrAmr	0	0
DYNC1I1	0	AfrAmr	0	0
EVL	0	AfrAmr	0	0
GRIN2B	0	AfrAmr	0	0
ING1	0	AfrAmr	0	0
KRT34	0	AfrAmr	0	0
KRT5	0	AfrAmr	0	0
LCAT	0	AfrAmr	0	0
MYADML2	0	AfrAmr	0	0
RANBP17	0	AfrAmr	0	0
SETD1B	0	AfrAmr	0	0
XDH	0	AfrAmr	0	0
ZNF615	0	AfrAmr	0	0
CLECL1	0	AfrAmr	0	0
SLC6A14	0	AfrAmr	0	0
TGM3	0	AfrAmr	0	0
YTHDC1	0	AfrAmr	0	0
ADAMTS2	0	AfrAmr	0	0
BBS12	0	AfrAmr	0	0
CYP1A2	0	AfrAmr	0	0
LIPC	0	AfrAmr	0	0
P4HB	0	AfrAmr	0	0
PPP1R9A	0	AfrAmr	0	0
PPP6C	0	AfrAmr	0	0
RPS6KA6	0	AfrAmr	0	0
ZBTB43	0	AfrAmr	0	0
ZNF658	0	AfrAmr	0	0
ARID5B	1	EurAmr	1	100
ASIC3	1	EurAmr	2	50
ATP1B3	1	EurAmr	1	100
CFAP47	1	EurAmr	2	50
CUBN	1	EurAmr	1	100
GPR27	1	EurAmr	2	50
KATNB1	1	EurAmr	1	100
KRT20	1	EurAmr	1	100
MAPK7	1	EurAmr	1	100
MED17	1	EurAmr	1	100
MESDC1	1	EurAmr	2	50
NMRK1	1	EurAmr	1	100
NOXA1	1	EurAmr	1	100
NTRK3	1	EurAmr	2	50
PHRF1	1	EurAmr	1	100
POU5F2	1	EurAmr	1	100
PTEN	1	EurAmr	4	25
PTPRN2	1	EurAmr	1	100
SFI1	1	EurAmr	1	100
THADA	1	EurAmr	1	100
TNFSF13	1	EurAmr	1	100
UBR4	2	EurAmr	1	200
USP9X	1	EurAmr	2	50
WDR62	1	EurAmr	1	100
ZBBX	1	EurAmr	1	100
ZNF469	1	EurAmr	1	100
ANKRD11	1	EurAmr	1	100
EHBP1L1	1	EurAmr	1	100
FAM98B	1	EurAmr	1	100
FAT1	1	EurAmr	2	50
FSIP2	1	EurAmr	1	100
HECW2	1	EurAmr	1	100
IFNLR1	1	EurAmr	1	100
ITGAM	1	EurAmr	1	100
KCNS2	1	EurAmr	1	100
KIAA1324	1	EurAmr	1	100
NLRP8	1	EurAmr	1	100
NPHS1	1	EurAmr	2	50
PCDHB9	1	EurAmr	2	50
PIAS2	1	EurAmr	1	100
POLR2A	1	EurAmr	1	100
PRDM8	1	EurAmr	1	100
PRKCG	1	EurAmr	1	100
RCN3	1	EurAmr	1	100
SLC9C2	1	EurAmr	1	100
SPAG17	1	EurAmr	2	50
SYNE1	1	EurAmr	1	100
TMEM184B	1	EurAmr	1	100
TP53	1	EurAmr	11	9.090909090909092
ALDH1A3	1	EurAmr	1	100
ANXA8	1	EurAmr	3	33.33333333333333
CNDP1	1	EurAmr	1	100
FKBP9	1	EurAmr	1	100
HAS3	1	EurAmr	1	100
INVS	1	EurAmr	1	100
MRGPRX3	1	EurAmr	1	100
MYT1	1	EurAmr	1	100
SERPINB12	1	EurAmr	1	100
SOX13	1	EurAmr	1	100
SRGAP2C	1	EurAmr	1	100
UBQLN1	1	EurAmr	1	100
ANKRD36B	1	EurAmr	1	100
CXorf66	1	EurAmr	1	100
DUSP21	1	EurAmr	1	100
DYNC2H1	1	EurAmr	2	50
KIAA1755	1	EurAmr	1	100
MAPKAP1	1	EurAmr	1	100
MEGF10	1	EurAmr	1	100
MTL5	1	EurAmr	1	100
PCDH11X	1	EurAmr	1	100
REV1	1	EurAmr	1	100
TSC1	1	EurAmr	2	50
ACTL10	1	EurAmr	1	100
APOO	1	EurAmr	1	100
ASTN1	1	EurAmr	1	100
BEND6	1	EurAmr	1	100
CACNA1C	1	EurAmr	1	100
CSF1R	1	EurAmr	1	100
EXOC8	1	EurAmr	1	100
FAM189B	1	EurAmr	2	50
HSPA12B	1	EurAmr	1	100
PPRC1	1	EurAmr	1	100
RCVRN	1	EurAmr	1	100
TCF4	1	EurAmr	1	100
ANP32A	1	EurAmr	1	100
BCLAF1	1	EurAmr	1	100
C10orf120	1	EurAmr	1	100
CCDC66	1	EurAmr	1	100
CHD4	1	EurAmr	2	50
GRID2	1	EurAmr	1	100
LRRK1	1	EurAmr	1	100
LSM14A	1	EurAmr	1	100
MLXIPL	1	EurAmr	1	100
NPTX2	1	EurAmr	1	100
PNP	1	EurAmr	1	100
PROP1	1	EurAmr	1	100
SMARCA2	1	EurAmr	1	100
TACC3	1	EurAmr	2	50
TMEM27	1	EurAmr	1	100
ZNF354C	1	EurAmr	1	100
ABCF2	1	EurAmr	1	100
AICDA	1	EurAmr	2	50
AKAP10	1	EurAmr	1	100
CDKN1A	1	EurAmr	1	100
CPNE7	1	EurAmr	1	100
DMBT1	1	EurAmr	1	100
FGG	1	EurAmr	1	100
GRIK1	1	EurAmr	1	100
GRM3	1	EurAmr	2	50
HAPLN1	1	EurAmr	1	100
HS6ST2	1	EurAmr	1	100
IGLON5	1	EurAmr	1	100
LRRC38	1	EurAmr	1	100
MAGEA10	1	EurAmr	1	100
MARCH5	1	EurAmr	1	100
NCOA3	1	EurAmr	1	100
PAN3	1	EurAmr	1	100
PCDH19	1	EurAmr	1	100
PON3	1	EurAmr	1	100
POTEF	1	EurAmr	1	100
PSMC6	1	EurAmr	1	100
PTPRZ1	1	EurAmr	1	100
RP1L1	1	EurAmr	1	100
SLC29A4	1	EurAmr	1	100
SOAT2	1	EurAmr	1	100
TMC1	1	EurAmr	1	100
TNXB	1	EurAmr	1	100
ZNF831	1	EurAmr	3	33.33333333333333
ADCY7	1	EurAmr	1	100
BPIFC	1	EurAmr	1	100
FAM168B	1	EurAmr	1	100
HDAC7	1	EurAmr	2	50
HSPG2	1	EurAmr	2	50
KIAA0408	1	EurAmr	1	100
LARP7	1	EurAmr	1	100
MICALCL	1	EurAmr	1	100
MUC4	1	EurAmr	8	12.5
PLCB1	1	EurAmr	1	100
PNMA5	1	EurAmr	1	100
RBBP6	1	EurAmr	1	100
SLC9A1	1	EurAmr	1	100
TNS2	1	EurAmr	1	100
UROC1	1	EurAmr	1	100
LETM1	2	EurAmr	1	200
MAP7D1	1	EurAmr	1	100
PRKCDBP	1	EurAmr	1	100
RNF43	1	EurAmr	1	100
UBA1	1	EurAmr	1	100
ADAMTS7	1	EurAmr	1	100
ANKS1B	1	EurAmr	1	100
AZI2	1	EurAmr	1	100
DOT1L	1	EurAmr	1	100
EPHB1	1	EurAmr	1	100
GOLGA6L6	1	EurAmr	1	100
HOXB4	1	EurAmr	1	100
KALRN	1	EurAmr	2	50
TBC1D24	1	EurAmr	1	100
TRAPPC8	1	EurAmr	1	100
TRIM11	1	EurAmr	1	100
USP9X	1	EurAmr	2	50
AK5	1	EurAmr	1	100
ANXA1	1	EurAmr	1	100
CALD1	1	EurAmr	1	100
CENPE	1	EurAmr	1	100
COCH	1	EurAmr	1	100
CYP2F1	1	EurAmr	1	100
DIMT1	1	EurAmr	1	100
DNM3	1	EurAmr	2	50
ERG	1	EurAmr	1	100
FAM184A	1	EurAmr	1	100
GABRB3	1	EurAmr	1	100
HCN4	1	EurAmr	2	50
HDLBP	1	EurAmr	1	100
INTS5	1	EurAmr	1	100
KDM2A	1	EurAmr	1	100
KIAA2018	1	EurAmr	1	100
MPHOSPH10	1	EurAmr	1	100
NFKBIZ	1	EurAmr	1	100
NPHS1	1	EurAmr	2	50
OR9I1	1	EurAmr	1	100
PCGF1	1	EurAmr	1	100
PDE3A	1	EurAmr	1	100
PLEKHB1	1	EurAmr	1	100
RBM27	1	EurAmr	1	100
RETSAT	1	EurAmr	1	100
SGSM3	1	EurAmr	1	100
TSHZ3	1	EurAmr	2	50
ZNF260	1	EurAmr	1	100
ZNF365	1	EurAmr	1	100
ZNF462	2	EurAmr	1	200
ZNF831	1	EurAmr	3	33.33333333333333
ABCA12	1	EurAmr	1	100
CROT	1	EurAmr	1	100
DAAM2	1	EurAmr	1	100
DNAJB12	1	EurAmr	1	100
DSC3	1	EurAmr	2	50
FAT4	1	EurAmr	2	50
FRMPD3	1	EurAmr	1	100
GSN	1	EurAmr	1	100
MGA	1	EurAmr	2	50
NARS2	1	EurAmr	1	100
NCAPH	1	EurAmr	2	50
OR2C3	1	EurAmr	1	100
PER3	1	EurAmr	1	100
PRMT9	1	EurAmr	1	100
PTEN	1	EurAmr	4	25
QRICH1	1	EurAmr	1	100
RB1CC1	1	EurAmr	1	100
TP53	1	EurAmr	11	9.090909090909092
TRIM3	1	EurAmr	1	100
USP54	1	EurAmr	1	100
WDR70	2	EurAmr	1	200
AFF2	1	EurAmr	1	100
ANKRD17	1	EurAmr	2	50
ATAD3B	1	EurAmr	1	100
C19orf70	1	EurAmr	1	100
CACNA1G	1	EurAmr	1	100
CASC5	1	EurAmr	1	100
CXCL5	1	EurAmr	1	100
DHX36	1	EurAmr	1	100
GOLGA6L22	1	EurAmr	1	100
GPSM1	1	EurAmr	1	100
IGKV3D-20	1	EurAmr	1	100
PIKFYVE	1	EurAmr	2	50
SPATA5L1	1	EurAmr	1	100
TMEM150B	1	EurAmr	1	100
TP53	1	EurAmr	11	9.090909090909092
VCAN	1	EurAmr	1	100
ZBTB40	1	EurAmr	1	100
ZNF609	1	EurAmr	1	100
ZNF789	1	EurAmr	1	100
AMIGO3	1	EurAmr	1	100
ASB15	1	EurAmr	1	100
ATAD3C	1	EurAmr	2	50
CD276	1	EurAmr	2	50
CMYA5	1	EurAmr	1	100
COL22A1	1	EurAmr	1	100
EOMES	1	EurAmr	1	100
FAM149A	1	EurAmr	1	100
FKBP4	1	EurAmr	1	100
FOXD4L4	1	EurAmr	1	100
FSTL4	1	EurAmr	1	100
FSTL5	1	EurAmr	1	100
FUBP3	1	EurAmr	1	100
GDPD3	1	EurAmr	1	100
GNA14	1	EurAmr	1	100
HES6	1	EurAmr	1	100
KCNF1	1	EurAmr	1	100
KCNQ3	1	EurAmr	1	100
KCTD8	1	EurAmr	1	100
KIAA0753	1	EurAmr	1	100
KRT1	1	EurAmr	1	100
LOX	1	EurAmr	1	100
METTL15	1	EurAmr	1	100
NEUROG1	1	EurAmr	1	100
NIPSNAP1	1	EurAmr	1	100
PDZRN3	1	EurAmr	1	100
PDZRN4	1	EurAmr	1	100
PNPLA7	1	EurAmr	2	50
PRSS45	1	EurAmr	1	100
RASAL1	1	EurAmr	1	100
RNF167	1	EurAmr	1	100
ROBO1	1	EurAmr	2	50
RUFY4	1	EurAmr	1	100
SCT	1	EurAmr	1	100
SERPINB8	1	EurAmr	1	100
SGK494	1	EurAmr	1	100
SHANK2	1	EurAmr	1	100
SI	1	EurAmr	1	100
SLC18B1	1	EurAmr	1	100
TP53	1	EurAmr	11	9.090909090909092
USP14	1	EurAmr	1	100
VAV3	1	EurAmr	1	100
WDR72	1	EurAmr	2	50
ZNF845	1	EurAmr	1	100
C3orf36	1	EurAmr	1	100
ICE1	1	EurAmr	2	50
LMCD1	1	EurAmr	1	100
NCAPH	1	EurAmr	2	50
TCP1	1	EurAmr	1	100
AFF3	1	EurAmr	2	50
AIFM1	1	EurAmr	1	100
ARFGAP3	1	EurAmr	1	100
ERBB3	1	EurAmr	2	50
GALE	1	EurAmr	1	100
MAMLD1	1	EurAmr	1	100
PILRB	1	EurAmr	1	100
PLEKHM1	1	EurAmr	2	50
RNF115	1	EurAmr	1	100
TSC2	1	EurAmr	1	100
WDR72	1	EurAmr	2	50
ZNF812	1	EurAmr	1	100
ADCY4	1	EurAmr	1	100
C17orf53	1	EurAmr	1	100
CHIT1	1	EurAmr	1	100
CHRDL2	1	EurAmr	1	100
CHST3	1	EurAmr	1	100
CTSD	1	EurAmr	1	100
CUL7	1	EurAmr	1	100
DMD	1	EurAmr	1	100
DROSHA	1	EurAmr	1	100
HSPD1	1	EurAmr	2	50
IL18RAP	1	EurAmr	1	100
INO80	1	EurAmr	1	100
LAMA1	1	EurAmr	1	100
LRRC43	1	EurAmr	1	100
MAGEB2	1	EurAmr	1	100
MYCBP2	1	EurAmr	1	100
NLRP6	1	EurAmr	1	100
NYAP2	1	EurAmr	1	100
PAX4	1	EurAmr	1	100
RCN1	1	EurAmr	1	100
RD3	1	EurAmr	1	100
RNF111	1	EurAmr	1	100
ROBO2	1	EurAmr	1	100
SAP130	1	EurAmr	1	100
SEZ6L	1	EurAmr	2	50
SSPO	1	EurAmr	2	50
TIGD5	1	EurAmr	1	100
TRIM54	1	EurAmr	1	100
UGT8	1	EurAmr	1	100
ACTR8	1	EurAmr	1	100
DCDC1	1	EurAmr	1	100
KIAA1109	1	EurAmr	2	50
MGA	1	EurAmr	2	50
NOSIP	1	EurAmr	1	100
NXPE3	1	EurAmr	1	100
OPRD1	1	EurAmr	1	100
OR11H12	1	EurAmr	1	100
PCDHGB5	1	EurAmr	2	50
PDPR	1	EurAmr	1	100
RC3H2	1	EurAmr	1	100
SESN1	1	EurAmr	1	100
SPATA31D1	1	EurAmr	1	100
SYT4	1	EurAmr	1	100
TTC19	1	EurAmr	1	100
WDR66	1	EurAmr	1	100
AGBL4	1	EurAmr	1	100
ANK2	1	EurAmr	1	100
COMMD6	1	EurAmr	1	100
CSF2RB	1	EurAmr	2	50
CXXC1	1	EurAmr	1	100
DSCAM	1	EurAmr	1	100
DSPP	1	EurAmr	2	50
EXOC1	1	EurAmr	1	100
FAM26F	1	EurAmr	1	100
FAT4	1	EurAmr	2	50
GAB4	1	EurAmr	1	100
IGFBP5	1	EurAmr	1	100
KIDINS220	1	EurAmr	1	100
P3H4	1	EurAmr	1	100
PODXL	1	EurAmr	1	100
PTEN	1	EurAmr	4	25
SH3KBP1	1	EurAmr	1	100
SPAG17	1	EurAmr	2	50
TAF1	1	EurAmr	1	100
TJP2	1	EurAmr	1	100
TLK1	1	EurAmr	1	100
TTLL4	1	EurAmr	1	100
VIPR2	1	EurAmr	1	100
ATN1	1	EurAmr	1	100
ATP10B	1	EurAmr	2	50
CARD10	1	EurAmr	1	100
CHRD	1	EurAmr	1	100
COL16A1	1	EurAmr	1	100
CPSF7	1	EurAmr	1	100
GDPD5	1	EurAmr	1	100
ITGB4	1	EurAmr	1	100
KLHL33	1	EurAmr	1	100
MAPKBP1	1	EurAmr	1	100
OR10K1	1	EurAmr	1	100
PPM1K	1	EurAmr	1	100
SERPINA10	1	EurAmr	1	100
TAL1	1	EurAmr	1	100
TOP2B	1	EurAmr	1	100
VAPA	1	EurAmr	1	100
ARSK	1	EurAmr	1	100
ATP11B	1	EurAmr	1	100
CRHR2	1	EurAmr	1	100
DGKQ	1	EurAmr	1	100
DMXL2	1	EurAmr	1	100
DNAH9	1	EurAmr	1	100
GCC1	1	EurAmr	1	100
HNF1A	1	EurAmr	1	100
ITGA9	1	EurAmr	1	100
LILRB5	1	EurAmr	1	100
LMOD2	1	EurAmr	1	100
MUC4	1	EurAmr	8	12.5
NFATC1	1	EurAmr	1	100
PMM1	1	EurAmr	1	100
PRAMEF15	1	EurAmr	1	100
RMDN1	1	EurAmr	1	100
SIGLEC5	1	EurAmr	1	100
SLC4A2	1	EurAmr	1	100
SQRDL	1	EurAmr	1	100
SYT9	1	EurAmr	1	100
TTN	1	EurAmr	3	33.33333333333333
VMP1	1	EurAmr	1	100
XKR7	1	EurAmr	1	100
ZAN	1	EurAmr	2	50
ZNF837	1	EurAmr	1	100
DUSP11	1	EurAmr	1	100
EPT1	1	EurAmr	1	100
EYA4	1	EurAmr	1	100
FMN2	1	EurAmr	1	100
GDF5	1	EurAmr	1	100
KCMF1	1	EurAmr	1	100
WNT3	1	EurAmr	1	100
ZNF629	1	EurAmr	1	100
EPHX1	1	EurAmr	1	100
FAM160B2	1	EurAmr	1	100
GALNS	2	EurAmr	2	100
ITGAX	1	EurAmr	1	100
MEST	1	EurAmr	1	100
MTOR	1	EurAmr	2	50
MUC16	1	EurAmr	3	33.33333333333333
MUC4	1	EurAmr	8	12.5
PAMR1	1	EurAmr	1	100
SPATA20	1	EurAmr	1	100
TKTL1	1	EurAmr	1	100
BSN	1	EurAmr	2	50
CACNA2D1	1	EurAmr	2	50
CHFR	1	EurAmr	1	100
CLCN2	1	EurAmr	2	50
CSF2RB	1	EurAmr	2	50
DRD3	1	EurAmr	1	100
EBF1	1	EurAmr	1	100
GEM	1	EurAmr	1	100
GPBP1	2	EurAmr	1	200
HSPG2	1	EurAmr	2	50
ICE1	1	EurAmr	2	50
LTN1	1	EurAmr	1	100
MAP1B	1	EurAmr	1	100
MYO1F	1	EurAmr	2	50
NBEAL2	1	EurAmr	1	100
OR2T4	1	EurAmr	1	100
PTS	1	EurAmr	1	100
RASA1	1	EurAmr	1	100
RFX1	1	EurAmr	1	100
RYR1	1	EurAmr	2	50
SACS	1	EurAmr	1	100
SEMA6B	1	EurAmr	1	100
SERPINB3	1	EurAmr	1	100
SNX25	1	EurAmr	2	50
SYT7	1	EurAmr	1	100
TAS2R1	1	EurAmr	1	100
TIGIT	1	EurAmr	1	100
ADCY8	1	EurAmr	1	100
AGAP4	1	EurAmr	3	33.33333333333333
CAP1	1	EurAmr	1	100
ESCO1	1	EurAmr	1	100
GK2	1	EurAmr	1	100
GRM1	1	EurAmr	1	100
HIC2	1	EurAmr	1	100
HIVEP1	1	EurAmr	1	100
KDM6A	1	EurAmr	1	100
MGAT3	1	EurAmr	1	100
MYH7B	1	EurAmr	1	100
OR2M2	1	EurAmr	1	100
PCSK5	1	EurAmr	1	100
PPAPDC3	1	EurAmr	1	100
SLC7A1	1	EurAmr	1	100
TCHHL1	1	EurAmr	1	100
TP63	1	EurAmr	2	50
USP10	1	EurAmr	2	50
ZNF280B	1	EurAmr	1	100
AHCYL2	1	EurAmr	1	100
CTNNBL1	1	EurAmr	1	100
DNAH6	1	EurAmr	1	100
FOLR2	1	EurAmr	2	50
LRRTM2	1	EurAmr	1	100
MYPN	1	EurAmr	1	100
NTSR1	1	EurAmr	1	100
OR5F1	1	EurAmr	1	100
POLR3C	1	EurAmr	1	100
PTPN3	1	EurAmr	1	100
PTPRE	1	EurAmr	1	100
SEC24C	1	EurAmr	1	100
SLC7A10	1	EurAmr	1	100
SORL1	1	EurAmr	1	100
TET1	1	EurAmr	1	100
TMEM151B	1	EurAmr	1	100
ZNF136	1	EurAmr	1	100
ANKRD17	1	EurAmr	2	50
BIRC3	1	EurAmr	1	100
CDK13	1	EurAmr	1	100
CNOT4	1	EurAmr	1	100
HCFC1	1	EurAmr	1	100
KCNH5	1	EurAmr	1	100
MYBPHL	1	EurAmr	1	100
MYO18B	1	EurAmr	2	50
PACS1	1	EurAmr	2	50
PARD3B	1	EurAmr	1	100
SEC23IP	1	EurAmr	1	100
SPTBN5	1	EurAmr	1	100
TANGO6	1	EurAmr	1	100
TMED1	1	EurAmr	1	100
TRIM22	1	EurAmr	1	100
TSC1	1	EurAmr	2	50
ZNF799	1	EurAmr	1	100
BACE1	1	EurAmr	1	100
CACNA1A	1	EurAmr	2	50
CEP19	1	EurAmr	1	100
ELFN1	1	EurAmr	1	100
FAM86B2	1	EurAmr	1	100
FBXO41	1	EurAmr	1	100
MROH2B	1	EurAmr	1	100
NAGA	1	EurAmr	1	100
NOTCH1	1	EurAmr	1	100
SPEG	1	EurAmr	1	100
SPINT2	1	EurAmr	1	100
TP53	1	EurAmr	11	9.090909090909092
ARC	1	EurAmr	1	100
ATG2A	1	EurAmr	2	50
B3GALT5	1	EurAmr	1	100
DNASE2B	1	EurAmr	1	100
KBTBD6	1	EurAmr	1	100
LRRC41	1	EurAmr	1	100
MUC4	1	EurAmr	8	12.5
NLRP7	1	EurAmr	2	50
NYAP1	1	EurAmr	2	50
OR10G4	1	EurAmr	1	100
PRPF40A	1	EurAmr	1	100
STX6	1	EurAmr	1	100
WFDC5	1	EurAmr	1	100
ZC3H12A	1	EurAmr	1	100
ACBD3	1	EurAmr	1	100
BHLHE40	1	EurAmr	1	100
CEP164	1	EurAmr	1	100
CLASP2	1	EurAmr	2	50
CPT2	1	EurAmr	1	100
KMT2D	1	EurAmr	1	100
MARCO	1	EurAmr	2	50
MAST1	1	EurAmr	1	100
MPHOSPH8	1	EurAmr	1	100
NDST4	1	EurAmr	1	100
NLRP7	1	EurAmr	2	50
OR10Z1	1	EurAmr	1	100
SIGLEC14	1	EurAmr	1	100
ZNF528	1	EurAmr	1	100
ANXA8	1	EurAmr	3	33.33333333333333
IQUB	1	EurAmr	1	100
TP53	1	EurAmr	11	9.090909090909092
UGT3A1	1	EurAmr	1	100
UPP1	1	EurAmr	1	100
ADCK5	1	EurAmr	1	100
BRD1	1	EurAmr	1	100
BRS3	1	EurAmr	1	100
C19orf26	1	EurAmr	1	100
CCDC62	1	EurAmr	1	100
CLCA1	1	EurAmr	1	100
CYP2E1	2	EurAmr	1	200
DNAH11	1	EurAmr	1	100
ERBB4	1	EurAmr	1	100
FGL2	1	EurAmr	1	100
HSP90AB1	1	EurAmr	1	100
JMJD1C	1	EurAmr	1	100
KIRREL	1	EurAmr	1	100
KRR1	1	EurAmr	1	100
LLGL2	1	EurAmr	1	100
LRP2	1	EurAmr	1	100
MARCO	1	EurAmr	2	50
MDC1	1	EurAmr	1	100
MON2	1	EurAmr	1	100
NEDD4L	1	EurAmr	1	100
OR2T12	1	EurAmr	1	100
OR6N2	1	EurAmr	1	100
SCFD1	1	EurAmr	1	100
SCRIB	1	EurAmr	1	100
SHROOM2	1	EurAmr	1	100
TNS3	1	EurAmr	1	100
TP53	2	EurAmr	11	18.181818181818183
UNC13D	1	EurAmr	1	100
WNT2B	1	EurAmr	1	100
AFF1	1	EurAmr	1	100
ARFGEF1	1	EurAmr	1	100
ARHGAP24	1	EurAmr	1	100
CEP126	1	EurAmr	1	100
DOCK3	1	EurAmr	1	100
GLP1R	1	EurAmr	1	100
RPL11	1	EurAmr	1	100
RPTOR	1	EurAmr	1	100
ADAMTS6	1	EurAmr	1	100
AGGF1	1	EurAmr	1	100
CCDC73	1	EurAmr	1	100
CEACAM5	1	EurAmr	1	100
DNAJB7	1	EurAmr	1	100
DTWD2	1	EurAmr	1	100
FLNA	1	EurAmr	1	100
GALNS	1	EurAmr	2	50
GJC1	1	EurAmr	1	100
IGSF10	1	EurAmr	1	100
ITGB1	1	EurAmr	1	100
MUC16	1	EurAmr	3	33.33333333333333
MYH9	1	EurAmr	1	100
PCDHA11	1	EurAmr	1	100
PNRC1	1	EurAmr	1	100
RGAG1	1	EurAmr	1	100
SHC1	1	EurAmr	1	100
SLC35D1	1	EurAmr	1	100
SLC45A3	1	EurAmr	1	100
SPTBN4	1	EurAmr	2	50
SVIL	1	EurAmr	1	100
TCOF1	1	EurAmr	1	100
TRIP11	1	EurAmr	1	100
ABCA6	1	EurAmr	1	100
AGBL1	1	EurAmr	2	50
AKR1C1	1	EurAmr	1	100
ANKRD27	1	EurAmr	2	50
ANKRD7	1	EurAmr	1	100
ARL4C	1	EurAmr	1	100
C9orf72	1	EurAmr	1	100
COL1A1	1	EurAmr	1	100
CPLX2	1	EurAmr	1	100
CSMD2	1	EurAmr	3	33.33333333333333
CYP21A2	1	EurAmr	1	100
CYP4F11	1	EurAmr	1	100
DCLRE1C	1	EurAmr	1	100
DDRGK1	1	EurAmr	1	100
DDX50	1	EurAmr	2	50
DSG2	1	EurAmr	1	100
DSPP	1	EurAmr	2	50
ESPL1	1	EurAmr	2	50
F13B	1	EurAmr	1	100
FGFBP2	1	EurAmr	1	100
FMO3	1	EurAmr	1	100
GPR101	1	EurAmr	1	100
GPR161	1	EurAmr	1	100
GRM7	1	EurAmr	1	100
ITGA3	1	EurAmr	1	100
KIF19	1	EurAmr	1	100
KYNU	1	EurAmr	1	100
LATS2	1	EurAmr	1	100
LEF1	1	EurAmr	1	100
MARCH1	1	EurAmr	1	100
MBD5	1	EurAmr	1	100
MCTP1	1	EurAmr	1	100
MMP12	1	EurAmr	2	50
MS4A5	1	EurAmr	1	100
NOM1	1	EurAmr	2	50
NRAS	1	EurAmr	1	100
NTM	1	EurAmr	1	100
OBSCN	1	EurAmr	1	100
PAPPA2	1	EurAmr	1	100
PKHD1L1	1	EurAmr	1	100
PRDX2	1	EurAmr	1	100
RFX6	1	EurAmr	1	100
ROR2	1	EurAmr	1	100
SEMA3A	1	EurAmr	1	100
SEMA6A	1	EurAmr	1	100
SP2	1	EurAmr	1	100
SPEN	1	EurAmr	1	100
SSC4D	1	EurAmr	1	100
SYT6	1	EurAmr	1	100
TIMM17A	1	EurAmr	1	100
TMUB2	1	EurAmr	1	100
TTN	1	EurAmr	3	33.33333333333333
TYW1B	1	EurAmr	1	100
UNC13A	1	EurAmr	1	100
WDR35	1	EurAmr	1	100
XPNPEP2	1	EurAmr	1	100
ZNF563	1	EurAmr	1	100
ZNF667	1	EurAmr	1	100
ABCA2	1	EurAmr	1	100
ABCC10	1	EurAmr	1	100
ABHD17A	1	EurAmr	1	100
ABTB2	1	EurAmr	1	100
ACIN1	1	EurAmr	1	100
ACOT12	1	EurAmr	1	100
ACSF3	1	EurAmr	1	100
ACTBL2	1	EurAmr	1	100
ADCK4	1	EurAmr	1	100
ADGRD1	1	EurAmr	1	100
ADGRL1	2	EurAmr	1	200
ADORA2A	2	EurAmr	1	200
AFF3	1	EurAmr	2	50
AGBL1	1	EurAmr	2	50
AGO3	1	EurAmr	1	100
AGRN	2	EurAmr	1	200
AHNAK	1	EurAmr	1	100
AHNAK2	1	EurAmr	1	100
AICDA	1	EurAmr	2	50
AIM1	1	EurAmr	1	100
ALPK3	1	EurAmr	1	100
AMH	1	EurAmr	1	100
ANAPC2	1	EurAmr	1	100
ANGPTL2	1	EurAmr	1	100
ANKHD1-EIF4EBP3	1	EurAmr	2	50
ANKRD27	1	EurAmr	2	50
ANKRD52	1	EurAmr	1	100
ANKRD6	1	EurAmr	1	100
ANKRD66	1	EurAmr	1	100
ANO9	1	EurAmr	1	100
AP1M1	1	EurAmr	1	100
AP1M2	1	EurAmr	1	100
AP3M2	1	EurAmr	1	100
APOBEC3G	1	EurAmr	1	100
ARAP1	1	EurAmr	1	100
ARFGEF3	1	EurAmr	1	100
ARHGAP33	1	EurAmr	1	100
ARHGAP4	1	EurAmr	1	100
ARHGEF18	1	EurAmr	1	100
ARHGEF2	1	EurAmr	2	50
ARHGEF39	1	EurAmr	1	100
ARRB1	1	EurAmr	1	100
ASIC3	1	EurAmr	2	50
ASIC4	1	EurAmr	1	100
ATG2A	1	EurAmr	2	50
ATG2B	1	EurAmr	1	100
ATM	1	EurAmr	2	50
ATP10B	1	EurAmr	2	50
ATP11A	1	EurAmr	1	100
ATP11C	1	EurAmr	1	100
ATP13A3	1	EurAmr	1	100
ATP6V1B2	1	EurAmr	1	100
ATP9B	1	EurAmr	1	100
ATXN3L	1	EurAmr	1	100
ATXN7	1	EurAmr	1	100
AXDND1	1	EurAmr	1	100
BACH2	1	EurAmr	1	100
BCAS1	2	EurAmr	1	200
BCAS3	1	EurAmr	1	100
BCORL1	1	EurAmr	1	100
BDKRB1	1	EurAmr	1	100
BIN1	1	EurAmr	1	100
BIRC6	1	EurAmr	1	100
BMP7	1	EurAmr	1	100
BNC2	1	EurAmr	1	100
BOD1L1	1	EurAmr	1	100
BRF2	1	EurAmr	1	100
BRINP1	1	EurAmr	1	100
BSG	1	EurAmr	1	100
BSN	1	EurAmr	2	50
BTBD16	1	EurAmr	1	100
C12orf60	1	EurAmr	1	100
C17orf70	1	EurAmr	1	100
C1orf168	1	EurAmr	1	100
C1orf174	1	EurAmr	1	100
C1R	1	EurAmr	1	100
C20orf195	1	EurAmr	1	100
C20orf196	1	EurAmr	1	100
C22orf29	1	EurAmr	1	100
C2orf16	1	EurAmr	1	100
C2orf57	1	EurAmr	1	100
C3orf20	1	EurAmr	2	50
C6orf165	1	EurAmr	1	100
C8orf48	1	EurAmr	1	100
C9orf64	1	EurAmr	1	100
CACNA1B	1	EurAmr	1	100
CACNA1D	1	EurAmr	1	100
CACNA1S	2	EurAmr	1	200
CACNA2D1	1	EurAmr	2	50
CALHM1	1	EurAmr	1	100
CAND2	1	EurAmr	1	100
CASZ1	1	EurAmr	1	100
CCDC112	1	EurAmr	1	100
CCDC181	1	EurAmr	1	100
CCDC22	1	EurAmr	1	100
CCDC28B	1	EurAmr	1	100
CCDC33	1	EurAmr	1	100
CCT8L2	1	EurAmr	1	100
CDC42BPA	1	EurAmr	1	100
CDCA2	1	EurAmr	1	100
CDHR3	1	EurAmr	1	100
CDK6	1	EurAmr	1	100
CEACAM16	1	EurAmr	1	100
CECR2	1	EurAmr	1	100
CELSR1	1	EurAmr	1	100
CEMP1	1	EurAmr	1	100
CENPM	1	EurAmr	1	100
CEP152	1	EurAmr	1	100
CEP250	1	EurAmr	1	100
CFAP47	1	EurAmr	2	50
CGB5	1	EurAmr	1	100
CGGBP1	1	EurAmr	1	100
CHAF1A	1	EurAmr	1	100
CHD3	1	EurAmr	1	100
CHD7	1	EurAmr	1	100
CHEK2	1	EurAmr	1	100
CHORDC1	1	EurAmr	1	100
CHRNA4	1	EurAmr	1	100
CIART	1	EurAmr	1	100
CIDEC	1	EurAmr	1	100
CIT	1	EurAmr	1	100
CLCN2	1	EurAmr	2	50
CLHC1	1	EurAmr	1	100
CNTD2	1	EurAmr	1	100
CNTN2	1	EurAmr	1	100
COBLL1	1	EurAmr	1	100
COL23A1	1	EurAmr	1	100
COL28A1	1	EurAmr	1	100
COL5A1	1	EurAmr	1	100
COL7A1	1	EurAmr	2	50
CORT	1	EurAmr	1	100
COX15	1	EurAmr	1	100
COX4I2	1	EurAmr	1	100
CPSF6	1	EurAmr	1	100
CPT1A	1	EurAmr	1	100
CPZ	1	EurAmr	1	100
CRYBG3	1	EurAmr	1	100
CSGALNACT1	1	EurAmr	1	100
CSPG4	1	EurAmr	1	100
CST5	1	EurAmr	1	100
CTIF	1	EurAmr	1	100
CTNNB1	1	EurAmr	1	100
CTTNBP2	1	EurAmr	1	100
CUL9	1	EurAmr	1	100
CYFIP1	1	EurAmr	1	100
CYP27B1	1	EurAmr	1	100
CYP2D6	1	EurAmr	1	100
CYP4F3	1	EurAmr	1	100
CYTH3	1	EurAmr	1	100
DCAF12L2	1	EurAmr	1	100
DCHS1	1	EurAmr	1	100
DCHS2	2	EurAmr	1	200
DCLK3	1	EurAmr	1	100
DDB1	1	EurAmr	1	100
DDR1	1	EurAmr	1	100
DDX50	1	EurAmr	2	50
DECR1	1	EurAmr	1	100
DEF8	1	EurAmr	1	100
DENND3	1	EurAmr	1	100
DGKG	1	EurAmr	1	100
DIS3	1	EurAmr	1	100
DLG1	1	EurAmr	1	100
DMTN	1	EurAmr	1	100
DNAH1	1	EurAmr	1	100
DNAH3	1	EurAmr	1	100
DNAH8	1	EurAmr	1	100
DNAJC13	1	EurAmr	1	100
DNHD1	1	EurAmr	1	100
DNMT1	1	EurAmr	1	100
DOCK4	1	EurAmr	1	100
DOCK7	1	EurAmr	1	100
DOLPP1	1	EurAmr	1	100
DSG4	1	EurAmr	1	100
DSP	1	EurAmr	1	100
DTNB	1	EurAmr	1	100
DUSP27	1	EurAmr	1	100
DUSP9	1	EurAmr	1	100
DYNC2H1	1	EurAmr	2	50
DYRK2	1	EurAmr	1	100
DYSF	1	EurAmr	1	100
EDN3	1	EurAmr	1	100
EFHB	1	EurAmr	1	100
EGR4	1	EurAmr	1	100
EHD3	1	EurAmr	1	100
EHD4	1	EurAmr	1	100
EIF4ENIF1	2	EurAmr	1	200
EIF4G1	1	EurAmr	1	100
ELAC2	1	EurAmr	1	100
ELAVL3	1	EurAmr	1	100
ENOX2	1	EurAmr	1	100
ENPP2	1	EurAmr	1	100
ENTHD2	1	EurAmr	1	100
EP400	1	EurAmr	1	100
EPHA10	1	EurAmr	1	100
EPHA3	1	EurAmr	1	100
EPPK1	1	EurAmr	1	100
ERBB3	1	EurAmr	2	50
ERF	1	EurAmr	1	100
ESPL1	2	EurAmr	2	100
EYA1	1	EurAmr	1	100
FAM110A	1	EurAmr	1	100
FAM178B	1	EurAmr	1	100
FAM192A	1	EurAmr	1	100
FAM198A	1	EurAmr	1	100
FAM198B	1	EurAmr	1	100
FAM221A	1	EurAmr	1	100
FAM47C	1	EurAmr	1	100
FAM50B	1	EurAmr	1	100
FAT3	1	EurAmr	1	100
FBN1	1	EurAmr	1	100
FBN3	1	EurAmr	1	100
FBXL13	1	EurAmr	1	100
FBXO24	1	EurAmr	1	100
FBXO3	1	EurAmr	1	100
FCGBP	1	EurAmr	1	100
FFAR2	1	EurAmr	1	100
FGB	2	EurAmr	1	200
FOXI3	1	EurAmr	1	100
FPGS	1	EurAmr	1	100
FRAS1	1	EurAmr	2	50
FTMT	1	EurAmr	1	100
FUBP1	1	EurAmr	1	100
FUT2	1	EurAmr	1	100
GABRD	1	EurAmr	1	100
GABRG2	1	EurAmr	1	100
GADL1	1	EurAmr	1	100
GAL3ST1	1	EurAmr	1	100
GALNT10	1	EurAmr	1	100
GALNT7	1	EurAmr	1	100
GARS	1	EurAmr	1	100
GDF11	1	EurAmr	1	100
GDI2	1	EurAmr	1	100
GIT1	1	EurAmr	1	100
GIT2	1	EurAmr	1	100
GLCE	1	EurAmr	1	100
GLT8D2	1	EurAmr	1	100
GLYATL3	1	EurAmr	1	100
GNAZ	1	EurAmr	1	100
GNPTAB	1	EurAmr	1	100
GOLGA2	1	EurAmr	1	100
GOLGA5	1	EurAmr	1	100
GPAA1	2	EurAmr	1	200
GPR108	1	EurAmr	1	100
GPR179	1	EurAmr	1	100
GPR27	1	EurAmr	2	50
GPR65	1	EurAmr	1	100
GREB1L	1	EurAmr	1	100
GRIN2D	1	EurAmr	1	100
GRM8	1	EurAmr	1	100
GTF3C4	1	EurAmr	1	100
GTF3C5	1	EurAmr	1	100
GUCA2B	1	EurAmr	1	100
GYS1	1	EurAmr	1	100
H2BFM	1	EurAmr	2	50
HAPLN4	1	EurAmr	1	100
HCN4	1	EurAmr	2	50
HDAC7	1	EurAmr	2	50
HDAC9	1	EurAmr	1	100
HECTD1	1	EurAmr	1	100
HELZ2	1	EurAmr	1	100
HERC2	1	EurAmr	1	100
HGS	1	EurAmr	1	100
HGSNAT	1	EurAmr	1	100
HIST1H1T	1	EurAmr	1	100
HIST1H3C	1	EurAmr	1	100
HIVEP3	1	EurAmr	1	100
HMGXB3	1	EurAmr	1	100
HOOK3	1	EurAmr	1	100
HORMAD1	1	EurAmr	1	100
HOXC13	1	EurAmr	1	100
HR	1	EurAmr	1	100
HRH3	1	EurAmr	1	100
HS3ST1	1	EurAmr	1	100
HS6ST3	1	EurAmr	1	100
HSPA1A	1	EurAmr	1	100
HSPD1	1	EurAmr	2	50
HTR6	1	EurAmr	1	100
HTT	1	EurAmr	1	100
ICAM4	1	EurAmr	1	100
IFT122	1	EurAmr	1	100
IFT140	2	EurAmr	1	200
IGHD	1	EurAmr	1	100
IGHV3OR16-9	1	EurAmr	1	100
IGLC3	1	EurAmr	1	100
IGLL5	1	EurAmr	1	100
IGLV3-12	1	EurAmr	1	100
IGSF3	1	EurAmr	1	100
IGSF5	1	EurAmr	1	100
IGSF9	1	EurAmr	1	100
IL2RA	1	EurAmr	1	100
ILKAP	1	EurAmr	1	100
INCENP	1	EurAmr	1	100
INPP5B	1	EurAmr	1	100
INSRR	1	EurAmr	1	100
IRX6	1	EurAmr	1	100
ITGA7	1	EurAmr	1	100
ITGAE	1	EurAmr	1	100
ITGB5	1	EurAmr	1	100
ITPR2	1	EurAmr	1	100
ITPRIPL2	1	EurAmr	1	100
ITSN1	1	EurAmr	1	100
JMJD4	1	EurAmr	1	100
JRK	1	EurAmr	1	100
KALRN	1	EurAmr	2	50
KANK4	1	EurAmr	1	100
KCNA1	1	EurAmr	1	100
KCNB1	1	EurAmr	1	100
KCNC1	1	EurAmr	1	100
KCNG3	1	EurAmr	1	100
KCNH2	1	EurAmr	1	100
KCNIP1	1	EurAmr	1	100
KCNJ1	1	EurAmr	1	100
KCNJ5	1	EurAmr	1	100
KCNQ2	1	EurAmr	1	100
KDELR3	1	EurAmr	2	50
KIAA0430	1	EurAmr	1	100
KIAA1211	1	EurAmr	2	50
KIF18B	1	EurAmr	1	100
KIF4A	1	EurAmr	1	100
KLHL42	1	EurAmr	1	100
KMT2B	1	EurAmr	1	100
KNDC1	1	EurAmr	1	100
KRT15	1	EurAmr	1	100
KRT2	1	EurAmr	1	100
KRT6A	1	EurAmr	1	100
KRT6C	1	EurAmr	1	100
KRTAP9-9	1	EurAmr	1	100
LAMA3	1	EurAmr	1	100
LAMB4	1	EurAmr	1	100
LAT2	1	EurAmr	1	100
LGI3	1	EurAmr	1	100
LINGO2	1	EurAmr	1	100
LMTK2	1	EurAmr	2	50
LMTK3	1	EurAmr	1	100
LOH12CR1	1	EurAmr	1	100
LONP1	1	EurAmr	1	100
LOXL2	1	EurAmr	1	100
LPCAT3	1	EurAmr	1	100
LPIN3	1	EurAmr	1	100
LRP4	1	EurAmr	1	100
LRRC14	1	EurAmr	1	100
LYPD3	1	EurAmr	1	100
LZTS1	1	EurAmr	1	100
MACF1	1	EurAmr	2	50
MAGEL2	1	EurAmr	1	100
MALL	1	EurAmr	1	100
MAML1	1	EurAmr	1	100
MAP1A	1	EurAmr	1	100
MAP3K7	1	EurAmr	1	100
MAP4K1	1	EurAmr	1	100
MAPK15	1	EurAmr	1	100
MAST2	1	EurAmr	1	100
MATN2	1	EurAmr	1	100
MCM2	1	EurAmr	1	100
MECP2	1	EurAmr	1	100
MEGF11	1	EurAmr	1	100
MEGF8	1	EurAmr	1	100
MESDC1	1	EurAmr	2	50
MFRP	1	EurAmr	1	100
MFSD5	1	EurAmr	1	100
MICAL1	2	EurAmr	1	200
MKI67	1	EurAmr	1	100
MKS1	1	EurAmr	1	100
MMP12	1	EurAmr	2	50
MMP9	1	EurAmr	1	100
MORC2	1	EurAmr	1	100
MRGBP	1	EurAmr	1	100
MROH5	1	EurAmr	1	100
MRPS30	1	EurAmr	1	100
MSH6	1	EurAmr	1	100
MSLN	1	EurAmr	1	100
MSRB1	1	EurAmr	1	100
MST1R	1	EurAmr	1	100
MTUS1	1	EurAmr	1	100
MYH13	1	EurAmr	1	100
MYL10	1	EurAmr	1	100
MYO15A	1	EurAmr	1	100
MYO18B	1	EurAmr	2	50
MYO1F	1	EurAmr	2	50
MYO1H	1	EurAmr	1	100
MYO9A	1	EurAmr	1	100
MYOF	1	EurAmr	1	100
MYOM2	1	EurAmr	1	100
NACC2	1	EurAmr	1	100
NBEA	1	EurAmr	1	100
NCAPD3	1	EurAmr	1	100
NCOA7	1	EurAmr	1	100
NDC80	1	EurAmr	1	100
NDE1	1	EurAmr	1	100
NDUFAF3	1	EurAmr	1	100
NEK10	1	EurAmr	1	100
NEK9	1	EurAmr	1	100
NF1	1	EurAmr	1	100
NFIA	1	EurAmr	1	100
NFIX	2	EurAmr	1	200
NHSL2	1	EurAmr	1	100
NIN	1	EurAmr	2	50
NIPBL	2	EurAmr	1	200
NKX2-4	1	EurAmr	1	100
NLGN4X	1	EurAmr	1	100
NLRP1	1	EurAmr	1	100
NLRP10	1	EurAmr	1	100
NLRP3	1	EurAmr	1	100
NNT	1	EurAmr	1	100
NOC3L	1	EurAmr	1	100
NOP14	1	EurAmr	1	100
NOTCH3	1	EurAmr	1	100
NOX3	1	EurAmr	1	100
NPAS3	1	EurAmr	1	100
NPHP4	1	EurAmr	1	100
NR3C1	1	EurAmr	1	100
NR4A1	1	EurAmr	1	100
NRG2	1	EurAmr	1	100
NSMAF	1	EurAmr	1	100
NT5C1A	1	EurAmr	1	100
NT5C1B	1	EurAmr	1	100
NTF4	1	EurAmr	1	100
NTHL1	1	EurAmr	1	100
NTNG2	1	EurAmr	1	100
NTRK3	1	EurAmr	2	50
NUP205	1	EurAmr	1	100
NYAP1	1	EurAmr	2	50
NYNRIN	2	EurAmr	1	200
OAS1	1	EurAmr	1	100
OBSL1	1	EurAmr	1	100
OLFM2	1	EurAmr	1	100
OPRK1	1	EurAmr	1	100
OR2M3	1	EurAmr	1	100
OR4D2	1	EurAmr	1	100
OR4K13	1	EurAmr	1	100
OR5AU1	1	EurAmr	1	100
OR9A4	1	EurAmr	1	100
OSBPL8	1	EurAmr	1	100
OVOL2	1	EurAmr	1	100
OXER1	2	EurAmr	1	200
PACS1	1	EurAmr	2	50
PADI4	1	EurAmr	1	100
PALD1	1	EurAmr	2	50
PANK1	1	EurAmr	1	100
PARK2	1	EurAmr	1	100
PARP14	1	EurAmr	1	100
PBK	1	EurAmr	1	100
PCDH1	1	EurAmr	1	100
PCDHA8	1	EurAmr	2	50
PCDHB9	1	EurAmr	2	50
PCDHGA4	1	EurAmr	2	50
PCDHGB2	1	EurAmr	1	100
PCDHGB5	1	EurAmr	2	50
PDE4DIP	1	EurAmr	1	100
PDE8B	1	EurAmr	1	100
PDXP	1	EurAmr	1	100
PER1	1	EurAmr	1	100
PGBD2	1	EurAmr	1	100
PHF8	1	EurAmr	1	100
PHIP	1	EurAmr	1	100
PID1	1	EurAmr	1	100
PIGO	1	EurAmr	1	100
PIH1D2	1	EurAmr	1	100
PIK3R1	1	EurAmr	1	100
PIKFYVE	1	EurAmr	2	50
PIP5KL1	1	EurAmr	1	100
PITPNM1	1	EurAmr	1	100
PIWIL4	1	EurAmr	1	100
PJA2	1	EurAmr	1	100
PLA2G4B	1	EurAmr	1	100
PLA2G6	2	EurAmr	1	200
PLBD2	1	EurAmr	1	100
PLEKHM2	1	EurAmr	1	100
PLEKHO2	1	EurAmr	1	100
PLIN4	1	EurAmr	1	100
PLXNA1	1	EurAmr	1	100
PLXNB1	1	EurAmr	1	100
PLXNB2	1	EurAmr	1	100
PLXNB3	1	EurAmr	1	100
PMEPA1	1	EurAmr	1	100
PML	1	EurAmr	1	100
PNPLA6	1	EurAmr	1	100
PNPLA7	1	EurAmr	2	50
POGZ	1	EurAmr	1	100
POLE	1	EurAmr	1	100
POLR1A	1	EurAmr	1	100
POR	1	EurAmr	1	100
POU2F2	1	EurAmr	1	100
PPL	1	EurAmr	1	100
PPM1B	1	EurAmr	1	100
PPP1R16B	1	EurAmr	1	100
PPP4R2	1	EurAmr	1	100
PRAMEF8	1	EurAmr	1	100
PRDM1	1	EurAmr	1	100
PRDM2	1	EurAmr	2	50
PRKAG1	1	EurAmr	1	100
PRKCB	1	EurAmr	1	100
PRNP	1	EurAmr	1	100
PROSER3	1	EurAmr	1	100
PRPF40B	1	EurAmr	1	100
PRRC2B	1	EurAmr	1	100
PRSS58	1	EurAmr	1	100
PSME2	1	EurAmr	1	100
PTGER4	1	EurAmr	1	100
PTPN21	1	EurAmr	1	100
PTPRD	1	EurAmr	1	100
QSOX1	1	EurAmr	1	100
QTRT1	1	EurAmr	1	100
R3HDM2	1	EurAmr	1	100
RAB6B	1	EurAmr	1	100
RABEPK	1	EurAmr	1	100
RAI14	1	EurAmr	1	100
RAPGEFL1	1	EurAmr	1	100
RARA	1	EurAmr	1	100
RASA3	1	EurAmr	1	100
RASGEF1B	1	EurAmr	1	100
RASGRP4	1	EurAmr	1	100
RASSF4	1	EurAmr	1	100
RB1	1	EurAmr	2	50
RBCK1	1	EurAmr	1	100
RBFOX2	1	EurAmr	1	100
RBM25	1	EurAmr	1	100
RBM42	1	EurAmr	1	100
RECQL5	1	EurAmr	1	100
RFPL2	1	EurAmr	1	100
RGS3	1	EurAmr	1	100
RGSL1	1	EurAmr	1	100
RHBDL1	1	EurAmr	1	100
RIMKLB	1	EurAmr	1	100
RND1	1	EurAmr	1	100
RNF10	1	EurAmr	1	100
RNF157	1	EurAmr	1	100
RNF208	1	EurAmr	1	100
RNF213	1	EurAmr	1	100
RNF40	1	EurAmr	1	100
ROBO1	1	EurAmr	2	50
ROPN1	1	EurAmr	1	100
RPAP1	1	EurAmr	1	100
RPL8	1	EurAmr	1	100
RPRD2	1	EurAmr	1	100
RPS6KA5	1	EurAmr	1	100
RREB1	1	EurAmr	1	100
RTL1	1	EurAmr	1	100
RTN4	1	EurAmr	1	100
S100A4	1	EurAmr	1	100
SART1	1	EurAmr	1	100
SBF2	1	EurAmr	1	100
SCD5	1	EurAmr	1	100
SCNN1A	1	EurAmr	1	100
SECISBP2L	1	EurAmr	1	100
SELENBP1	1	EurAmr	1	100
SEMA4G	1	EurAmr	1	100
SEPT4	1	EurAmr	1	100
SEPT5	1	EurAmr	1	100
SERINC2	1	EurAmr	1	100
SEZ6L	1	EurAmr	2	50
SGTA	1	EurAmr	1	100
SH2D2A	1	EurAmr	1	100
SHC3	1	EurAmr	1	100
SHROOM3	1	EurAmr	1	100
SIGLEC7	1	EurAmr	1	100
SIL1	1	EurAmr	1	100
SIN3B	1	EurAmr	2	50
SLC12A9	2	EurAmr	1	200
SLC16A13	1	EurAmr	1	100
SLC1A6	1	EurAmr	1	100
SLC1A7	1	EurAmr	1	100
SLC20A2	1	EurAmr	1	100
SLC22A13	1	EurAmr	1	100
SLC25A6	1	EurAmr	1	100
SLC26A1	1	EurAmr	1	100
SLC2A3	1	EurAmr	1	100
SLC2A8	1	EurAmr	1	100
SLC32A1	1	EurAmr	1	100
SLC38A10	1	EurAmr	1	100
SLC5A10	1	EurAmr	1	100
SLC6A11	1	EurAmr	1	100
SLC6A17	1	EurAmr	1	100
SLC6A2	1	EurAmr	1	100
SLC7A8	1	EurAmr	1	100
SLIT2	1	EurAmr	1	100
SLIT3	1	EurAmr	1	100
SMARCB1	1	EurAmr	1	100
SMTNL2	1	EurAmr	1	100
SNRPB	1	EurAmr	1	100
SNX14	1	EurAmr	1	100
SNX25	1	EurAmr	2	50
SNX33	1	EurAmr	1	100
SOGA1	1	EurAmr	1	100
SPATA2	1	EurAmr	1	100
SPATC1	1	EurAmr	1	100
SPATS1	1	EurAmr	1	100
SPERT	1	EurAmr	1	100
SPTAN1	1	EurAmr	1	100
SPTBN4	1	EurAmr	2	50
SPTY2D1	1	EurAmr	1	100
SRCAP	1	EurAmr	1	100
SRPR	1	EurAmr	1	100
SRRT	1	EurAmr	1	100
SSC5D	2	EurAmr	1	200
SSPO	1	EurAmr	2	50
ST3GAL3	1	EurAmr	1	100
STAB1	1	EurAmr	1	100
STEAP2	1	EurAmr	1	100
STT3B	1	EurAmr	1	100
STXBP5	1	EurAmr	1	100
SULT1A2	1	EurAmr	1	100
SUPT16H	1	EurAmr	1	100
SUV420H1	1	EurAmr	1	100
SVOP	1	EurAmr	1	100
SYBU	1	EurAmr	1	100
SYNPO2	1	EurAmr	1	100
SYT16	1	EurAmr	1	100
SYT17	1	EurAmr	1	100
TACC3	1	EurAmr	2	50
TAF10	1	EurAmr	1	100
TAOK3	1	EurAmr	1	100
TARBP2	1	EurAmr	1	100
TBC1D20	1	EurAmr	1	100
TBC1D22A	1	EurAmr	1	100
TBC1D7	1	EurAmr	1	100
TBL3	1	EurAmr	1	100
TBX19	1	EurAmr	1	100
TBX6	1	EurAmr	1	100
TCEB3B	1	EurAmr	2	50
TCF20	1	EurAmr	1	100
TCF7L1	1	EurAmr	1	100
TDRD9	1	EurAmr	1	100
TEP1	1	EurAmr	1	100
TET3	1	EurAmr	1	100
TEX10	1	EurAmr	1	100
TEX13A	1	EurAmr	1	100
TEX2	1	EurAmr	1	100
TG	1	EurAmr	2	50
TGM7	1	EurAmr	1	100
TIAM2	1	EurAmr	1	100
TINAG	1	EurAmr	1	100
TINF2	1	EurAmr	1	100
TJP1	1	EurAmr	1	100
TMC3	2	EurAmr	1	200
TMCO4	1	EurAmr	1	100
TMEM176B	1	EurAmr	1	100
TMEM177	1	EurAmr	1	100
TMEM189	1	EurAmr	1	100
TMEM205	1	EurAmr	1	100
TMPRSS12	1	EurAmr	1	100
TNC	1	EurAmr	1	100
TNPO2	1	EurAmr	1	100
TNRC6C	1	EurAmr	1	100
TOMM40	1	EurAmr	1	100
TP63	1	EurAmr	2	50
TP73	1	EurAmr	1	100
TPR	1	EurAmr	1	100
TRAF7	1	EurAmr	1	100
TRIM25	1	EurAmr	1	100
TRIM58	1	EurAmr	1	100
TRIOBP	1	EurAmr	1	100
TRPS1	1	EurAmr	1	100
TRRAP	1	EurAmr	2	50
TSEN34	1	EurAmr	1	100
TSGA10IP	1	EurAmr	1	100
TSKU	1	EurAmr	1	100
TSPAN14	1	EurAmr	1	100
TSPO	1	EurAmr	1	100
TTC12	1	EurAmr	1	100
TTN	2	EurAmr	3	66.66666666666666
TUBGCP6	1	EurAmr	1	100
UBAP1L	1	EurAmr	1	100
UBD	1	EurAmr	1	100
UBN2	1	EurAmr	1	100
UBR2	1	EurAmr	1	100
UCKL1	1	EurAmr	1	100
UCP1	1	EurAmr	1	100
UCP2	1	EurAmr	1	100
UMOD	1	EurAmr	1	100
UNC80	1	EurAmr	1	100
UQCRC2	1	EurAmr	1	100
URGCP	1	EurAmr	1	100
USP10	1	EurAmr	2	50
UVSSA	1	EurAmr	1	100
VCAM1	1	EurAmr	1	100
VDR	1	EurAmr	1	100
VEZT	1	EurAmr	1	100
VPS37C	1	EurAmr	1	100
WASL	1	EurAmr	1	100
WDR37	1	EurAmr	1	100
WDR7	1	EurAmr	1	100
WDR74	1	EurAmr	1	100
WDR88	1	EurAmr	1	100
WFDC1	1	EurAmr	1	100
WNT2	1	EurAmr	1	100
WTIP	1	EurAmr	1	100
XIRP2	1	EurAmr	1	100
XRCC4	1	EurAmr	1	100
YLPM1	1	EurAmr	1	100
YTHDC2	1	EurAmr	1	100
YY1AP1	1	EurAmr	1	100
ZAN	1	EurAmr	2	50
ZBP1	1	EurAmr	1	100
ZBTB48	1	EurAmr	1	100
ZBTB49	1	EurAmr	1	100
ZDHHC13	1	EurAmr	1	100
ZDHHC17	1	EurAmr	1	100
ZFAT	1	EurAmr	1	100
ZFHX4	1	EurAmr	1	100
ZFP36	1	EurAmr	1	100
ZFYVE1	1	EurAmr	1	100
ZFYVE19	1	EurAmr	1	100
ZHX2	1	EurAmr	1	100
ZNF133	1	EurAmr	1	100
ZNF234	1	EurAmr	1	100
ZNF263	1	EurAmr	1	100
ZNF3	1	EurAmr	1	100
ZNF318	2	EurAmr	1	200
ZNF343	1	EurAmr	1	100
ZNF423	1	EurAmr	1	100
ZNF441	1	EurAmr	1	100
ZNF473	1	EurAmr	1	100
ZNF526	1	EurAmr	1	100
ZNF569	1	EurAmr	1	100
ZNF618	1	EurAmr	1	100
ZNF621	1	EurAmr	1	100
ZNF628	1	EurAmr	1	100
ZNF646	1	EurAmr	1	100
ZNF773	1	EurAmr	1	100
ZNF805	1	EurAmr	1	100
ZNF831	1	EurAmr	3	33.33333333333333
ZNF839	1	EurAmr	1	100
ZNF878	1	EurAmr	1	100
ZNF879	1	EurAmr	1	100
ZSWIM4	1	EurAmr	1	100
ATP6V0A4	2	EurAmr	1	200
CCDC168	1	EurAmr	1	100
HDAC11	1	EurAmr	1	100
LGI2	1	EurAmr	1	100
LRRIQ4	1	EurAmr	1	100
RASGRF1	1	EurAmr	1	100
RGPD8	1	EurAmr	1	100
RPH3A	1	EurAmr	1	100
SF1	1	EurAmr	1	100
AARD	1	EurAmr	1	100
ADAMTS8	1	EurAmr	1	100
AJAP1	1	EurAmr	2	50
C3orf20	1	EurAmr	2	50
CELSR2	1	EurAmr	1	100
CLTCL1	1	EurAmr	1	100
COL20A1	1	EurAmr	1	100
FAM71E2	1	EurAmr	1	100
FANCD2	1	EurAmr	1	100
GAD1	1	EurAmr	1	100
GPR148	1	EurAmr	1	100
H2BFM	1	EurAmr	2	50
KIAA1109	1	EurAmr	2	50
KIAA1211	1	EurAmr	2	50
KREMEN1	1	EurAmr	1	100
MACF1	1	EurAmr	2	50
MYO7A	1	EurAmr	2	50
NOM1	1	EurAmr	2	50
PPAP2C	1	EurAmr	1	100
SIPA1	1	EurAmr	1	100
SLC26A7	1	EurAmr	1	100
STAG1	1	EurAmr	1	100
TRRAP	1	EurAmr	2	50
TSHZ3	1	EurAmr	2	50
WEE1	1	EurAmr	1	100
ZFP30	1	EurAmr	1	100
ZFR	1	EurAmr	1	100
ZNF319	1	EurAmr	1	100
ABHD14A	1	EurAmr	1	100
ADGRB1	1	EurAmr	1	100
ALPPL2	1	EurAmr	1	100
ANKHD1-EIF4EBP3	1	EurAmr	2	50
ARHGEF2	1	EurAmr	2	50
CD276	1	EurAmr	2	50
CWF19L2	1	EurAmr	1	100
ESR2	1	EurAmr	1	100
FANCA	1	EurAmr	1	100
FLAD1	1	EurAmr	1	100
GTF2IRD2B	1	EurAmr	1	100
HNRNPLL	1	EurAmr	1	100
IGSF21	1	EurAmr	1	100
KCNN4	1	EurAmr	1	100
KIR2DL1	1	EurAmr	1	100
KRTAP10-12	1	EurAmr	1	100
KRTAP10-4	1	EurAmr	1	100
LEPR	1	EurAmr	1	100
MAGED2	1	EurAmr	1	100
MTCH1	1	EurAmr	1	100
MTTP	1	EurAmr	1	100
N4BP2L2	1	EurAmr	1	100
OR52N1	1	EurAmr	1	100
RAD23B	1	EurAmr	1	100
SCN4A	1	EurAmr	1	100
SLC25A36	1	EurAmr	1	100
SRSF7	1	EurAmr	1	100
SULF2	1	EurAmr	1	100
WNT1	1	EurAmr	1	100
ZNF142	1	EurAmr	1	100
ZNF592	1	EurAmr	1	100
C5	1	EurAmr	1	100
CACNA1A	1	EurAmr	2	50
COL7A1	1	EurAmr	2	50
GLUD2	1	EurAmr	1	100
HCN1	2	EurAmr	3	66.66666666666666
IGHD5-12	1	EurAmr	1	100
RNASEH2A	1	EurAmr	1	100
RUNX2	1	EurAmr	1	100
SLA2	1	EurAmr	1	100
SLK	1	EurAmr	2	50
WWP1	1	EurAmr	1	100
ZZEF1	1	EurAmr	1	100
ABCG4	1	EurAmr	1	100
ADORA3	1	EurAmr	1	100
AGAP4	1	EurAmr	3	33.33333333333333
ANXA8	1	EurAmr	3	33.33333333333333
ARMC5	1	EurAmr	1	100
AUTS2	1	EurAmr	1	100
C9orf131	1	EurAmr	1	100
CC2D1A	1	EurAmr	1	100
CDC42BPG	1	EurAmr	1	100
FOXI1	1	EurAmr	1	100
IGSF1	1	EurAmr	1	100
LPIN2	1	EurAmr	1	100
NBPF12	1	EurAmr	1	100
PCLO	1	EurAmr	1	100
SENP5	1	EurAmr	1	100
SLC26A6	1	EurAmr	1	100
TBC1D13	1	EurAmr	1	100
TBC1D25	1	EurAmr	1	100
TBC1D5	1	EurAmr	1	100
TP53	1	EurAmr	11	9.090909090909092
XYLT1	1	EurAmr	1	100
ABHD10	1	EurAmr	1	100
ATM	1	EurAmr	2	50
CD109	1	EurAmr	1	100
CLASP2	1	EurAmr	2	50
COL2A1	1	EurAmr	1	100
COL3A1	1	EurAmr	1	100
CPAMD8	1	EurAmr	2	50
EIF5	1	EurAmr	1	100
FCRLA	1	EurAmr	1	100
HOXA9	1	EurAmr	1	100
JAKMIP3	1	EurAmr	1	100
NAT8L	1	EurAmr	1	100
NECAB3	1	EurAmr	1	100
OR6A2	1	EurAmr	1	100
PCNA	1	EurAmr	1	100
PCNXL4	1	EurAmr	1	100
RBM15	1	EurAmr	1	100
RELB	1	EurAmr	1	100
SMARCA5	1	EurAmr	1	100
TMIGD1	1	EurAmr	1	100
WNK2	1	EurAmr	1	100
ABCE1	1	EurAmr	1	100
ATP6AP1	1	EurAmr	1	100
CELSR3	1	EurAmr	2	50
DENND5B	1	EurAmr	1	100
FAT1	1	EurAmr	2	50
FNIP1	1	EurAmr	1	100
GRIN3A	1	EurAmr	1	100
HNRNPF	1	EurAmr	1	100
HSD11B2	1	EurAmr	1	100
KCNT1	1	EurAmr	1	100
KIAA1551	1	EurAmr	1	100
MUC4	1	EurAmr	8	12.5
NIN	1	EurAmr	2	50
OTOGL	1	EurAmr	1	100
RBMX2	1	EurAmr	1	100
SLC1A3	1	EurAmr	1	100
SLC6A19	1	EurAmr	1	100
SMCHD1	1	EurAmr	1	100
TP53	1	EurAmr	11	9.090909090909092
C5orf42	1	EurAmr	1	100
DDIT4	1	EurAmr	1	100
MTOR	1	EurAmr	2	50
PALD1	1	EurAmr	2	50
ZNF668	1	EurAmr	1	100
ATG7	1	EurAmr	1	100
CHD4	1	EurAmr	2	50
CSMD2	1	EurAmr	3	33.33333333333333
DSCAML1	1	EurAmr	1	100
GPATCH4	1	EurAmr	1	100
ISCA1	1	EurAmr	1	100
PRDM2	1	EurAmr	2	50
SCN1A	1	EurAmr	1	100
SIRT3	1	EurAmr	1	100
SIX4	1	EurAmr	1	100
TCEB3B	1	EurAmr	2	50
TP53	1	EurAmr	11	9.090909090909092
YDJC	1	EurAmr	1	100
ZNF419	1	EurAmr	1	100
ZNF497	1	EurAmr	1	100
ZNF846	1	EurAmr	1	100
AADACL3	1	EurAmr	2	50
ACSM2A	1	EurAmr	1	100
ADCY9	1	EurAmr	1	100
ATAD3C	1	EurAmr	2	50
C11orf80	1	EurAmr	1	100
CCSER1	1	EurAmr	1	100
COL6A5	1	EurAmr	1	100
CSMD1	1	EurAmr	2	50
CTAGE8	1	EurAmr	1	100
CTCFL	1	EurAmr	1	100
DFFA	1	EurAmr	1	100
DNM3	1	EurAmr	2	50
FAM162A	1	EurAmr	1	100
FAM83C	1	EurAmr	1	100
GLDC	1	EurAmr	1	100
GLRA1	1	EurAmr	1	100
HUWE1	1	EurAmr	1	100
ITGA11	1	EurAmr	1	100
IZUMO2	1	EurAmr	1	100
KDELR3	1	EurAmr	2	50
KLB	1	EurAmr	1	100
KLHDC2	1	EurAmr	1	100
KRT3	1	EurAmr	1	100
LMTK2	1	EurAmr	2	50
LRPPRC	1	EurAmr	1	100
LRRC25	1	EurAmr	1	100
MLYCD	1	EurAmr	1	100
MUC4	1	EurAmr	8	12.5
NAB2	1	EurAmr	1	100
OR51M1	1	EurAmr	1	100
OR56A1	1	EurAmr	1	100
PCDHA7	1	EurAmr	1	100
PPP1CC	1	EurAmr	1	100
RB1	1	EurAmr	2	50
RPL18A	1	EurAmr	1	100
SCNN1D	1	EurAmr	1	100
SDK2	1	EurAmr	1	100
SLC15A2	1	EurAmr	1	100
SYNGAP1	1	EurAmr	1	100
TMEM175	1	EurAmr	1	100
UBE3C	2	EurAmr	1	200
UQCRFS1	1	EurAmr	1	100
WWTR1	1	EurAmr	1	100
ZBED9	1	EurAmr	1	100
ZNF232	1	EurAmr	1	100
CCR2	1	EurAmr	1	100
ENO1	1	EurAmr	1	100
FAM131C	1	EurAmr	1	100
FOLR2	1	EurAmr	2	50
PLEKHM1	1	EurAmr	2	50
SPATA31E1	1	EurAmr	2	50
ZNF106	1	EurAmr	1	100
ZNF793	1	EurAmr	1	100
CARD9	1	EurAmr	1	100
KLC2	1	EurAmr	1	100
PCDHA9	1	EurAmr	1	100
PDCD2L	1	EurAmr	1	100
PPP1R2	1	EurAmr	1	100
CCNL1	1	EurAmr	1	100
COL5A3	1	EurAmr	1	100
MUC4	1	EurAmr	8	12.5
MYRIP	1	EurAmr	1	100
NCAPG2	1	EurAmr	1	100
PCDHA8	1	EurAmr	2	50
QSER1	1	EurAmr	1	100
RBX1	1	EurAmr	1	100
SPG11	1	EurAmr	1	100
TAS1R3	1	EurAmr	1	100
TMEM31	1	EurAmr	1	100
VILL	1	EurAmr	1	100
ARSI	1	EurAmr	1	100
ATP7A	1	EurAmr	1	100
ATRX	1	EurAmr	1	100
BMP1	1	EurAmr	1	100
BPIFB3	1	EurAmr	1	100
C10orf12	1	EurAmr	1	100
C14orf166	1	EurAmr	1	100
C3orf58	1	EurAmr	1	100
CBLB	1	EurAmr	1	100
CD5	1	EurAmr	1	100
CELSR3	1	EurAmr	2	50
COL14A1	1	EurAmr	1	100
CPAMD8	1	EurAmr	2	50
DCAF10	1	EurAmr	1	100
DDI1	1	EurAmr	1	100
DIDO1	1	EurAmr	1	100
E2F7	1	EurAmr	1	100
FAM179B	1	EurAmr	1	100
HIRA	1	EurAmr	1	100
KRT32	1	EurAmr	1	100
MOCS1	1	EurAmr	1	100
MYLK2	1	EurAmr	1	100
PCOLCE	1	EurAmr	1	100
PPP6R2	1	EurAmr	1	100
PRDM16	1	EurAmr	1	100
PROX1	1	EurAmr	2	50
RIPK2	1	EurAmr	1	100
RTN2	1	EurAmr	1	100
RYR1	1	EurAmr	2	50
SERTM1	1	EurAmr	1	100
SLC35B4	1	EurAmr	1	100
SMPD1	1	EurAmr	1	100
SPZ1	1	EurAmr	1	100
TNRC18	1	EurAmr	1	100
TP53	1	EurAmr	11	9.090909090909092
TTC7B	1	EurAmr	1	100
YAP1	1	EurAmr	1	100
ACTN4	1	EurAmr	1	100
AGAP4	1	EurAmr	3	33.33333333333333
CAP2	1	EurAmr	1	100
EARS2	1	EurAmr	1	100
GABRB2	1	EurAmr	1	100
GPR158	1	EurAmr	1	100
GTF3C2	1	EurAmr	1	100
MYF6	1	EurAmr	1	100
OR2W1	1	EurAmr	1	100
PDHA2	1	EurAmr	1	100
PPP1R13B	1	EurAmr	1	100
TMEM120A	1	EurAmr	1	100
TSC22D2	1	EurAmr	1	100
ADHFE1	1	EurAmr	1	100
FRAS1	1	EurAmr	2	50
ITGA2	1	EurAmr	1	100
KIAA1407	1	EurAmr	1	100
LMBRD2	1	EurAmr	1	100
LZTS2	1	EurAmr	1	100
MCF2L	1	EurAmr	1	100
PASK	1	EurAmr	1	100
RHOT2	1	EurAmr	1	100
RP11-545J16.1	1	EurAmr	1	100
SLC4A10	1	EurAmr	1	100
ACVR2A	1	EurAmr	1	100
ADAMTS1	1	EurAmr	1	100
BPTF	1	EurAmr	1	100
CLEC9A	1	EurAmr	1	100
CTDSPL	1	EurAmr	1	100
EPS8	1	EurAmr	1	100
EXOC5	1	EurAmr	1	100
FAM179A	1	EurAmr	1	100
MARCH9	1	EurAmr	1	100
ONECUT2	1	EurAmr	1	100
SLIT1	1	EurAmr	1	100
SPATA31E1	1	EurAmr	2	50
ZNF836	1	EurAmr	1	100
COL8A1	1	EurAmr	1	100
HCN1	1	EurAmr	3	33.33333333333333
MAP9	1	EurAmr	1	100
MYO7A	1	EurAmr	2	50
OR51T1	1	EurAmr	1	100
SMG1	1	EurAmr	1	100
ZNF521	1	EurAmr	1	100
ZNF808	1	EurAmr	1	100
APMAP	1	EurAmr	1	100
CSMD2	1	EurAmr	3	33.33333333333333
FBXL5	1	EurAmr	1	100
FEZ1	1	EurAmr	1	100
GGCT	1	EurAmr	1	100
GPR35	1	EurAmr	1	100
GRM3	1	EurAmr	2	50
GRWD1	1	EurAmr	1	100
HRH1	1	EurAmr	1	100
OR10H2	1	EurAmr	2	50
PCDH15	1	EurAmr	1	100
PDGFD	1	EurAmr	1	100
PEG3	1	EurAmr	1	100
RCOR2	1	EurAmr	1	100
RHOXF2B	1	EurAmr	1	100
SETD1A	1	EurAmr	1	100
SYNDIG1	1	EurAmr	1	100
AADACL3	1	EurAmr	2	50
ADGRA2	1	EurAmr	1	100
ADGRV1	1	EurAmr	1	100
ARSD	1	EurAmr	1	100
BRINP3	1	EurAmr	1	100
CPPED1	1	EurAmr	1	100
CSMD1	1	EurAmr	2	50
DGKA	1	EurAmr	1	100
DSC3	1	EurAmr	2	50
DYNC1I1	1	EurAmr	1	100
EVL	1	EurAmr	1	100
FAM189B	1	EurAmr	2	50
GRIN2B	1	EurAmr	1	100
ING1	1	EurAmr	1	100
KRT34	1	EurAmr	1	100
KRT5	1	EurAmr	1	100
LCAT	1	EurAmr	1	100
MUC4	1	EurAmr	8	12.5
MYADML2	1	EurAmr	1	100
PCDHGA4	1	EurAmr	2	50
PTEN	1	EurAmr	4	25
RANBP17	1	EurAmr	1	100
SETD1B	1	EurAmr	1	100
SIN3B	1	EurAmr	2	50
TG	1	EurAmr	2	50
XDH	1	EurAmr	1	100
ZNF615	1	EurAmr	1	100
CLECL1	1	EurAmr	1	100
OR10H2	1	EurAmr	2	50
SLC6A14	1	EurAmr	1	100
SLK	1	EurAmr	2	50
TGM3	1	EurAmr	1	100
YTHDC1	1	EurAmr	1	100
ADAMTS2	1	EurAmr	1	100
AJAP1	1	EurAmr	2	50
BBS12	1	EurAmr	1	100
CYP1A2	1	EurAmr	1	100
HCN1	1	EurAmr	3	33.33333333333333
LIPC	1	EurAmr	1	100
MUC16	1	EurAmr	3	33.33333333333333
P4HB	1	EurAmr	1	100
PPP1R9A	1	EurAmr	1	100
PPP6C	1	EurAmr	1	100
PROX1	1	EurAmr	2	50
RPS6KA6	1	EurAmr	1	100
ZBTB43	1	EurAmr	1	100
ZNF658	1	EurAmr	1	100
ATP6V1B1	0	EurAmr	0	0
DST	0	EurAmr	0	0
KRT85	0	EurAmr	0	0
MTM1	0	EurAmr	0	0
MUC6	0	EurAmr	0	0
MYO5C	0	EurAmr	0	0
PCDHGC3	0	EurAmr	0	0
PPM1G	0	EurAmr	0	0
RBM47	0	EurAmr	0	0
RUFY3	0	EurAmr	0	0
SCG2	0	EurAmr	0	0
SKI	0	EurAmr	0	0
THOC2	0	EurAmr	0	0
ZCCHC6	0	EurAmr	0	0
ZNF445	0	EurAmr	0	0
ADAMTS4	0	EurAmr	0	0
ATMIN	0	EurAmr	0	0
CTDP1	0	EurAmr	0	0
DCST2	0	EurAmr	0	0
INS-IGF2	0	EurAmr	0	0
NLRP11	0	EurAmr	0	0
OR6F1	0	EurAmr	0	0
RGS16	0	EurAmr	0	0
SPTA1	0	EurAmr	0	0
SRRM2	0	EurAmr	0	0
TBCC	0	EurAmr	0	0
TMEM108	0	EurAmr	0	0
ANKRD36	0	EurAmr	0	0
DDX24	0	EurAmr	0	0
MUC21	0	EurAmr	0	0
NUDT9	0	EurAmr	0	0
SMCO2	0	EurAmr	0	0
VWCE	0	EurAmr	0	0
CTH	0	EurAmr	0	0
DSG1	0	EurAmr	0	0
HMHA1	0	EurAmr	0	0
KRT84	0	EurAmr	0	0
NAA40	0	EurAmr	0	0
OASL	0	EurAmr	0	0
OSBP2	0	EurAmr	0	0
ZCCHC2	0	EurAmr	0	0
